ctime,schemaname,relname,seq_scan,seq_tup_read,idx_scan,idx_tup_fetch,n_tup_ins,n_tup_upd,n_tup_del,n_tup_hot_upd,n_live_tup,n_dead_tup,heap_blks_read,heap_blks_hit,idx_blks_read,idx_blks_hit,toast_blks_read,toast_blks_hit,tidx_blks_read,tidx_blks_hit
1430778019.32443,pg_catalog,pg_operator,3,2295,275,1530,0,0,0,0,765,0,42,1075,20,621,,,,
1430778019.32443,pg_catalog,pg_extension,3,3,0,0,0,0,0,0,1,0,2,2,0,0,,,,
1430778019.32443,pg_catalog,pg_authid,678,678,14537,14537,0,0,0,0,1,0,205,15034,686,28388,,,,
1430778019.32443,pg_catalog,pg_statistic,2,798,1175,990,92,404,0,133,92,321,65,2063,13,3116,34,273,4,230
1430778019.32443,pg_catalog,pg_opfamily,3,258,0,0,0,0,0,0,86,0,4,4,0,0,,,,
1430778019.32443,public,customer,6,720000,31,55,120000,17,0,0,120000,17,68617,28965,46,180,,,,
1430778019.32443,pg_catalog,pg_shdescription,52,153,24,0,0,0,0,0,3,0,49,27,49,0,0,0,0,0
1430778019.32443,pg_catalog,pg_event_trigger,3,0,27,0,0,0,0,0,0,0,0,0,2,25,,,,
1430778019.32443,pg_catalog,pg_user_mapping,3,0,0,0,0,0,0,0,0,0,0,0,0,0,,,,
1430778019.32443,public,order_line,4,4552236,21,398,1138076,106,0,0,1138076,106,78056,34913,21,422,,,,
1430778019.32443,pg_catalog,pg_inherits,3,0,84,0,0,0,0,0,0,0,0,0,2,82,,,,
1430778019.32443,pg_toast,pg_toast_3596,0,0,0,0,0,0,0,0,0,0,0,0,0,0,,,,
1430778019.32443,pg_catalog,pg_rewrite,3,327,9,9,0,0,0,0,109,0,23,30,4,12,45,46,8,138
1430778019.32443,public,district,30,960,0,0,40,9,0,9,40,9,3,34,1,13,,,,
1430778019.32443,pg_catalog,pg_foreign_data_wrapper,3,0,0,0,0,0,0,0,0,0,0,0,0,0,,,,
1430778019.32443,pg_catalog,pg_largeobject_metadata,2,0,0,0,0,0,0,0,0,0,0,0,0,0,,,,
1430778019.32443,pg_catalog,pg_opclass,7,388,396,5208,0,0,0,0,128,0,9,1843,12,505,,,,
1430778019.32443,pg_catalog,pg_attrdef,3,0,0,0,0,0,0,0,0,0,0,0,0,0,0,0,0,0
1430778019.32443,pg_catalog,pg_default_acl,3,0,59,0,0,0,0,0,0,0,0,0,2,57,,,,
1430778019.32443,pg_catalog,pg_aggregate,2,266,5,5,0,0,0,0,133,0,5,6,4,6,,,,
1430778019.32443,pg_toast,pg_toast_12329,0,0,0,0,0,0,0,0,0,0,0,0,0,0,,,,
1430778019.32443,pg_catalog,pg_ts_dict,3,48,0,0,0,0,0,0,16,0,2,2,0,0,,,,
1430778019.32443,pg_catalog,pg_index,25,1081,1055,1303,27,0,17,0,123,17,13,1163,12,1267,,,,
1430778019.32443,public,new_order,4,144000,20,20,36002,0,10,0,35992,10,403,1187,12,37,,,,
1430778019.32443,pg_catalog,pg_tablespace,147,294,5507,5507,0,0,0,0,2,0,161,5517,307,10771,,,,
1430778019.32443,pg_toast,pg_toast_2619,0,0,141,370,75,0,14,0,61,14,34,273,4,230,,,,
1430778019.32443,pg_catalog,pg_constraint,5,50,8,0,8,0,0,0,10,0,6,33,8,64,0,0,0,0
1430778019.32443,pg_toast,pg_toast_2618,0,0,67,209,0,0,0,0,0,0,45,46,4,69,,,,
1430778019.32443,pg_catalog,pg_cast,3,594,2001,405,0,0,0,0,198,0,6,407,6,2038,,,,
1430778019.32443,pg_catalog,pg_ts_config,3,48,0,0,0,0,0,0,16,0,2,2,0,0,,,,
1430778019.32443,pg_catalog,pg_ts_parser,3,3,0,0,0,0,0,0,1,0,2,2,0,0,,,,
1430778019.32443,pg_toast,pg_toast_2620,0,0,0,0,0,0,0,0,0,0,0,0,0,0,,,,
1430778019.32443,pg_toast,pg_toast_2396,0,0,0,0,0,0,0,0,0,0,0,0,0,0,,,,
1430778019.32443,pg_catalog,pg_largeobject,2,0,0,0,0,0,0,0,0,0,0,0,0,0,,,,
1430778019.32443,public,warehouse,23,80,0,0,4,7,0,7,4,7,3,26,1,9,,,,
1430778019.32443,pg_catalog,pg_enum,4,0,0,0,0,0,0,0,0,0,0,0,0,0,,,,
1430778019.32443,pg_catalog,pg_foreign_table,2,0,0,0,0,0,0,0,0,0,0,0,0,0,,,,
1430778019.32443,pg_catalog,pg_collation,3,1806,0,0,0,0,0,0,602,0,38,38,0,0,,,,
1430778019.32443,public,orders,6,720000,20,20,120002,10,0,0,120002,10,1946,7757,31,116,,,,
1430778019.32443,pg_catalog,pg_am,109,121,0,0,0,0,0,0,5,0,3,107,0,0,,,,
1430778019.32443,pg_catalog,pg_proc,3,8073,330,404,6,0,0,0,2691,0,162,511,36,740,0,0,0,0
1430778019.32443,pg_catalog,pg_shdepend,72,72,8162,2041,0,0,0,0,1,0,49,2088,196,8496,,,,
1430778019.32443,pg_catalog,pg_language,4,16,10,10,0,0,0,0,4,0,2,13,4,18,,,,
1430778019.32443,pg_catalog,pg_range,2,12,2,0,0,0,0,0,6,0,2,1,2,2,,,,
1430778019.32443,pg_catalog,pg_attribute,26,7919,2816,10080,1401,20,1219,1,2491,1218,141,6322,37,11423,,,,
1430778019.32443,public,stock,4,1600000,220,51,400000,17,0,0,400000,17,98684,41130,163,555,,,,
1430778019.32443,pg_catalog,pg_database,2631,10122,79348,79298,25,0,24,0,4,0,121,81929,878,96603,,,,
1430778019.32443,pg_catalog,pg_conversion,4,528,0,0,0,0,0,0,132,0,6,9,0,0,,,,
1430778019.32443,pg_catalog,pg_type,3,1099,1527,1168,173,0,151,0,361,151,26,1542,20,3682,,,,
1430778019.32443,pg_catalog,pg_trigger,4,0,0,0,0,0,0,0,0,0,0,0,0,0,0,0,0,0
1430778019.32443,information_schema,sql_implementation_info,1,12,,,0,0,0,0,12,0,2,0,,,0,0,0,0
1430778019.32443,information_schema,sql_languages,1,4,,,0,0,0,0,4,0,2,0,,,0,0,0,0
1430778019.32443,pg_toast,pg_toast_12309,0,0,0,0,0,0,0,0,0,0,0,0,0,0,,,,
1430778019.32443,pg_toast,pg_toast_12334,0,0,0,0,0,0,0,0,0,0,0,0,0,0,,,,
1430778019.32443,public,item,4,400000,17,17,100000,0,0,0,100000,0,2579,9085,17,20,,,,
1430778019.32443,pg_catalog,pg_amop,4,1744,322,408,0,0,0,0,436,0,12,416,21,715,,,,
1430778019.32443,pg_toast,pg_toast_1255,0,0,0,0,0,0,0,0,0,0,0,0,0,0,,,,
1430778019.32443,pg_toast,pg_toast_12314,0,0,0,0,0,0,0,0,0,0,0,0,0,0,,,,
1430778019.32443,pg_toast,pg_toast_12324,0,0,0,0,0,0,0,0,0,0,0,0,0,0,,,,
1430778019.32443,pg_catalog,pg_amproc,7,1040,281,454,0,0,0,0,344,0,9,284,9,648,,,,
1430778019.32443,pg_toast,pg_toast_2964,0,0,0,0,0,0,0,0,0,0,0,0,0,0,,,,
1430778019.32443,pg_catalog,pg_ts_template,3,15,0,0,0,0,0,0,5,0,2,2,0,0,,,,
1430778019.32443,pg_catalog,pg_db_role_setting,72,0,36208,0,0,0,0,0,0,0,0,0,209,35999,0,0,0,0
1430778019.32443,pg_toast,pg_toast_2609,0,0,0,0,0,0,0,0,0,0,0,0,0,0,,,,
1430778019.32443,information_schema,sql_parts,1,9,,,0,0,0,0,9,0,2,0,,,0,0,0,0
1430778019.32443,pg_catalog,pg_class,52,5679,3365,3024,122,324,101,67,316,371,30,4762,33,8438,,,,
1430778019.32443,pg_catalog,pg_seclabel,2,0,252,0,0,0,0,0,0,0,0,0,2,250,0,0,0,0
1430778019.32443,public,history,1,120000,,,120007,0,0,0,120007,0,2576,5052,,,,,,
1430778019.32443,pg_catalog,pg_ts_config_map,2,608,0,0,0,0,0,0,304,0,4,2,0,0,,,,
1430778019.32443,information_schema,sql_sizing,1,23,,,0,0,0,0,23,0,2,0,,,0,0,0,0
1430778019.32443,pg_toast,pg_toast_12339,0,0,0,0,0,0,0,0,0,0,0,0,0,0,,,,
1430778019.32443,information_schema,sql_packages,1,10,,,0,0,0,0,10,0,2,0,,,0,0,0,0
1430778019.32443,pg_toast,pg_toast_2606,0,0,0,0,0,0,0,0,0,0,0,0,0,0,,,,
1430778019.32443,pg_catalog,pg_pltemplate,48,384,0,0,0,0,0,0,8,0,48,24,0,0,,,,
1430778019.32443,pg_catalog,pg_auth_members,72,0,0,0,0,0,0,0,0,0,0,0,0,0,,,,
1430778019.32443,pg_catalog,pg_depend,3,20120,2731,2507,348,0,256,0,6672,256,103,3172,39,6884,,,,
1430778019.32443,pg_toast,pg_toast_2604,0,0,0,0,0,0,0,0,0,0,0,0,0,0,,,,
1430778019.32443,pg_catalog,pg_shseclabel,48,0,24,0,0,0,0,0,0,0,0,0,24,0,,,,
1430778019.32443,information_schema,sql_features,1,672,,,0,0,0,0,672,0,14,0,,,0,0,0,0
1430778019.32443,pg_toast,pg_toast_12319,0,0,0,0,0,0,0,0,0,0,0,0,0,0,,,,
1430778019.32443,pg_catalog,pg_description,2,7372,252,0,0,0,0,0,3686,0,64,32,6,501,0,0,0,0
1430778019.32443,pg_catalog,pg_namespace,7,42,328,243,0,0,0,0,6,0,3,248,11,420,,,,
1430778019.32443,information_schema,sql_sizing_profiles,1,0,,,0,0,0,0,0,0,0,0,,,0,0,0,0
1430778019.32443,pg_catalog,pg_foreign_server,3,0,0,0,0,0,0,0,0,0,0,0,0,0,,,,
1430778079.38677,pg_catalog,pg_operator,3,2295,1538,10128,0,0,0,0,765,0,42,7055,20,3258,,,,
1430778079.38677,pg_catalog,pg_extension,3,3,0,0,0,0,0,0,1,0,2,2,0,0,,,,
1430778079.38677,pg_catalog,pg_authid,681,681,14697,14697,0,0,0,0,1,0,206,15196,690,28704,,,,
1430778079.38677,pg_catalog,pg_statistic,2,798,5886,5695,92,404,0,133,491,10,67,6766,13,12614,34,1672,4,1211
1430778079.38677,pg_catalog,pg_opfamily,3,258,0,0,0,0,0,0,86,0,4,4,0,0,,,,
1430778079.38677,public,customer,6,720000,136069,347716,120000,55570,0,38438,119957,21368,79000,478640,1759,513395,,,,
1430778079.38677,pg_catalog,pg_shdescription,52,153,24,0,0,0,0,0,3,0,49,27,49,0,0,0,0,0
1430778079.38677,pg_catalog,pg_event_trigger,3,0,27,0,0,0,0,0,0,0,0,0,2,25,,,,
1430778079.38677,pg_catalog,pg_user_mapping,3,0,0,0,0,0,0,0,0,0,0,0,0,0,,,,
1430778079.38677,public,order_line,4,4552236,59383,709149,1455737,256398,0,78134,1376224,207676,88192,1456926,5808,1677246,,,,
1430778079.38677,pg_catalog,pg_inherits,3,0,84,0,0,0,0,0,0,0,0,0,2,82,,,,
1430778079.38677,pg_toast,pg_toast_3596,0,0,0,0,0,0,0,0,0,0,0,0,0,0,,,,
1430778079.38677,pg_catalog,pg_rewrite,3,327,16,16,0,0,0,0,109,0,27,33,4,24,51,47,8,154
1430778079.38677,public,district,87759,3296360,45053,45053,40,58895,0,58246,40,1990,220,10136681,5,67999,,,,
1430778079.38677,pg_catalog,pg_foreign_data_wrapper,3,0,0,0,0,0,0,0,0,0,0,0,0,0,,,,
1430778079.38677,pg_catalog,pg_largeobject_metadata,2,0,0,0,0,0,0,0,0,0,0,0,0,0,,,,
1430778079.38677,pg_catalog,pg_opclass,9,390,917,11890,0,0,0,0,128,0,9,4490,12,1096,,,,
1430778079.38677,pg_catalog,pg_attrdef,3,0,0,0,0,0,0,0,0,0,0,0,0,0,0,0,0,0
1430778079.38677,pg_catalog,pg_default_acl,3,0,59,0,0,0,0,0,0,0,0,0,2,57,,,,
1430778079.38677,pg_catalog,pg_aggregate,2,266,84,84,0,0,0,0,133,0,5,85,4,124,,,,
1430778079.38677,pg_toast,pg_toast_12329,0,0,0,0,0,0,0,0,0,0,0,0,0,0,,,,
1430778079.38677,pg_catalog,pg_ts_dict,3,48,0,0,0,0,0,0,16,0,2,2,0,0,,,,
1430778079.38677,pg_catalog,pg_index,37,1703,2231,2642,27,0,17,0,123,17,13,2365,12,2512,,,,
1430778079.38677,public,new_order,4,144000,53960,51744,66305,0,24610,0,41304,16030,701,130525,337,219176,,,,
1430778079.38677,pg_catalog,pg_tablespace,147,294,5582,5582,0,0,0,0,2,0,162,5591,310,10920,,,,
1430778079.38677,pg_toast,pg_toast_2619,0,0,1089,3767,75,0,14,0,61,14,34,1672,4,1211,,,,
1430778079.38677,pg_catalog,pg_constraint,5,50,8,0,8,0,0,0,10,0,6,33,8,64,0,0,0,0
1430778079.38677,pg_toast,pg_toast_2618,0,0,72,225,0,0,0,0,0,0,51,47,4,77,,,,
1430778079.38677,pg_catalog,pg_cast,3,594,7010,1564,0,0,0,0,198,0,6,1566,6,7084,,,,
1430778079.38677,pg_catalog,pg_ts_config,3,48,0,0,0,0,0,0,16,0,2,2,0,0,,,,
1430778079.38677,pg_catalog,pg_ts_parser,3,3,0,0,0,0,0,0,1,0,2,2,0,0,,,,
1430778079.38677,pg_toast,pg_toast_2620,0,0,0,0,0,0,0,0,0,0,0,0,0,0,,,,
1430778079.38677,pg_toast,pg_toast_2396,0,0,0,0,0,0,0,0,0,0,0,0,0,0,,,,
1430778079.38677,pg_catalog,pg_largeobject,2,0,0,0,0,0,0,0,0,0,0,0,0,0,,,,
1430778079.38677,public,warehouse,63094,190080,39969,39969,4,28590,0,27923,4,1473,125,3112150,2,40717,,,,
1430778079.38677,pg_catalog,pg_enum,4,0,0,0,0,0,0,0,0,0,0,0,0,0,,,,
1430778079.38677,pg_catalog,pg_foreign_table,2,0,0,0,0,0,0,0,0,0,0,0,0,0,,,,
1430778079.38677,pg_catalog,pg_collation,3,1806,0,0,0,0,0,0,602,0,38,38,0,0,,,,
1430778079.38677,public,orders,6,720000,56705,58118,150305,26980,0,18006,150036,10419,3181,143031,1479,407534,,,,
1430778079.38677,pg_catalog,pg_am,141,153,0,0,0,0,0,0,5,0,3,139,0,0,,,,
1430778079.38677,pg_catalog,pg_proc,3,8073,2105,2771,6,0,0,0,2691,0,168,2540,38,4430,0,0,0,0
1430778079.38677,pg_catalog,pg_shdepend,72,72,8162,2041,0,0,0,0,1,0,49,2088,196,8496,,,,
1430778079.38677,pg_catalog,pg_language,4,16,10,10,0,0,0,0,4,0,2,13,4,18,,,,
1430778079.38677,pg_catalog,pg_range,2,12,2,0,0,0,0,0,6,0,2,1,2,2,,,,
1430778079.38677,pg_catalog,pg_attribute,37,7994,7073,23042,1401,20,1219,1,2491,1218,146,11513,38,19971,,,,
1430778079.38677,public,stock,4,1600000,805221,643077,400000,317678,0,0,399614,24871,117151,1218138,2825,3377236,,,,
1430778079.38677,pg_catalog,pg_database,2634,10128,79604,79554,25,0,24,0,4,0,121,82188,882,97016,,,,
1430778079.38677,pg_catalog,pg_conversion,4,528,0,0,0,0,0,0,132,0,6,9,0,0,,,,
1430778079.38677,pg_catalog,pg_type,3,1099,3285,2926,173,0,151,0,361,0,26,3300,20,7235,,,,
1430778079.38677,pg_catalog,pg_trigger,4,0,0,0,0,0,0,0,0,0,0,0,0,0,0,0,0,0
1430778079.38677,information_schema,sql_implementation_info,1,12,,,0,0,0,0,12,0,2,0,,,0,0,0,0
1430778079.38677,information_schema,sql_languages,1,4,,,0,0,0,0,4,0,2,0,,,0,0,0,0
1430778079.38677,pg_toast,pg_toast_12309,0,0,0,0,0,0,0,0,0,0,0,0,0,0,,,,
1430778079.38677,pg_toast,pg_toast_12334,0,0,0,0,0,0,0,0,0,0,0,0,0,0,,,,
1430778079.38677,public,item,4,400000,318007,317678,100000,0,0,0,100000,0,3844,325481,276,637262,,,,
1430778079.38677,pg_catalog,pg_amop,4,1744,1056,1401,0,0,0,0,436,0,12,1409,21,2255,,,,
1430778079.38677,pg_toast,pg_toast_1255,0,0,0,0,0,0,0,0,0,0,0,0,0,0,,,,
1430778079.38677,pg_toast,pg_toast_12314,0,0,0,0,0,0,0,0,0,0,0,0,0,0,,,,
1430778079.38677,pg_toast,pg_toast_12324,0,0,0,0,0,0,0,0,0,0,0,0,0,0,,,,
1430778079.38677,pg_catalog,pg_amproc,9,1044,619,935,0,0,0,0,344,0,9,628,9,1356,,,,
1430778079.38677,pg_toast,pg_toast_2964,0,0,0,0,0,0,0,0,0,0,0,0,0,0,,,,
1430778079.38677,pg_catalog,pg_ts_template,3,15,0,0,0,0,0,0,5,0,2,2,0,0,,,,
1430778079.38677,pg_catalog,pg_db_role_setting,72,0,36532,0,0,0,0,0,0,0,0,0,210,36322,0,0,0,0
1430778079.38677,pg_toast,pg_toast_2609,0,0,0,0,0,0,0,0,0,0,0,0,0,0,,,,
1430778079.38677,information_schema,sql_parts,1,9,,,0,0,0,0,9,0,2,0,,,0,0,0,0
1430778079.38677,pg_catalog,pg_class,69,7586,7029,6292,122,324,101,67,316,371,30,8151,33,13267,,,,
1430778079.38677,pg_catalog,pg_seclabel,2,0,252,0,0,0,0,0,0,0,0,0,2,250,0,0,0,0
1430778079.38677,public,history,1,120000,,,148590,0,0,0,148590,0,2919,34347,,,,,,
1430778079.38677,pg_catalog,pg_ts_config_map,2,608,0,0,0,0,0,0,304,0,4,2,0,0,,,,
1430778079.38677,information_schema,sql_sizing,1,23,,,0,0,0,0,23,0,2,0,,,0,0,0,0
1430778079.38677,pg_toast,pg_toast_12339,0,0,0,0,0,0,0,0,0,0,0,0,0,0,,,,
1430778079.38677,information_schema,sql_packages,1,10,,,0,0,0,0,10,0,2,0,,,0,0,0,0
1430778079.38677,pg_toast,pg_toast_2606,0,0,0,0,0,0,0,0,0,0,0,0,0,0,,,,
1430778079.38677,pg_catalog,pg_pltemplate,48,384,0,0,0,0,0,0,8,0,48,24,0,0,,,,
1430778079.38677,pg_catalog,pg_auth_members,72,0,0,0,0,0,0,0,0,0,0,0,0,0,,,,
1430778079.38677,pg_catalog,pg_depend,3,20120,2731,2507,348,0,256,0,6672,256,103,3172,39,6884,,,,
1430778079.38677,pg_toast,pg_toast_2604,0,0,0,0,0,0,0,0,0,0,0,0,0,0,,,,
1430778079.38677,pg_catalog,pg_shseclabel,48,0,24,0,0,0,0,0,0,0,0,0,24,0,,,,
1430778079.38677,information_schema,sql_features,1,672,,,0,0,0,0,672,0,14,0,,,0,0,0,0
1430778079.38677,pg_toast,pg_toast_12319,0,0,0,0,0,0,0,0,0,0,0,0,0,0,,,,
1430778079.38677,pg_catalog,pg_description,2,7372,252,0,0,0,0,0,3686,0,64,32,6,501,0,0,0,0
1430778079.38677,pg_catalog,pg_namespace,9,54,563,441,0,0,0,0,6,0,3,448,12,693,,,,
1430778079.38677,information_schema,sql_sizing_profiles,1,0,,,0,0,0,0,0,0,0,0,,,0,0,0,0
1430778079.38677,pg_catalog,pg_foreign_server,3,0,0,0,0,0,0,0,0,0,0,0,0,0,,,,
1430778139.36651,pg_catalog,pg_operator,3,2295,1569,10159,0,0,0,0,765,0,42,7086,20,3329,,,,
1430778139.36651,pg_catalog,pg_extension,3,3,0,0,0,0,0,0,1,0,2,2,0,0,,,,
1430778139.36651,pg_catalog,pg_authid,682,682,14708,14708,0,0,0,0,1,0,206,15208,690,28726,,,,
1430778139.36651,pg_catalog,pg_statistic,2,798,8461,8264,92,554,0,162,491,143,96,9841,13,18018,49,2857,4,1961
1430778139.36651,pg_catalog,pg_opfamily,3,258,0,0,0,0,0,0,86,0,4,4,0,0,,,,
1430778139.36651,public,customer,6,720000,305818,781279,120000,125472,0,105137,120024,25546,79463,1008418,1793,1045741,,,,
1430778139.36651,pg_catalog,pg_shdescription,52,153,24,0,0,0,0,0,3,0,49,27,49,0,0,0,0,0
1430778139.36651,pg_catalog,pg_event_trigger,3,0,27,0,0,0,0,0,0,0,0,0,2,25,,,,
1430778139.36651,pg_catalog,pg_user_mapping,3,0,0,0,0,0,0,0,0,0,0,0,0,0,,,,
1430778139.36651,public,order_line,4,4552236,134415,1615205,1848360,602052,0,261810,1537454,44373,107777,3014686,9901,3579995,,,,
1430778139.36651,pg_catalog,pg_inherits,3,0,84,0,0,0,0,0,0,0,0,0,2,82,,,,
1430778139.36651,pg_toast,pg_toast_3596,0,0,0,0,0,0,0,0,0,0,0,0,0,0,,,,
1430778139.36651,pg_catalog,pg_rewrite,3,327,23,23,0,0,0,0,109,0,27,40,4,36,51,54,8,170
1430778139.36651,public,district,92097,3460480,198571,198571,40,132023,0,131195,40,1494,267,11486759,5,382785,,,,
1430778139.36651,pg_catalog,pg_foreign_data_wrapper,3,0,0,0,0,0,0,0,0,0,0,0,0,0,,,,
1430778139.36651,pg_catalog,pg_largeobject_metadata,2,0,0,0,0,0,0,0,0,0,0,0,0,0,,,,
1430778139.36651,pg_catalog,pg_opclass,11,392,1025,13268,0,0,0,0,128,0,9,4976,12,1215,,,,
1430778139.36651,pg_catalog,pg_attrdef,3,0,0,0,0,0,0,0,0,0,0,0,0,0,0,0,0,0
1430778139.36651,pg_catalog,pg_default_acl,3,0,59,0,0,0,0,0,0,0,0,0,2,57,,,,
1430778139.36651,pg_catalog,pg_aggregate,2,266,85,85,0,0,0,0,133,0,5,86,4,126,,,,
1430778139.36651,pg_toast,pg_toast_12329,0,0,0,0,0,0,0,0,0,0,0,0,0,0,,,,
1430778139.36651,pg_catalog,pg_ts_dict,3,48,0,0,0,0,0,0,16,0,2,2,0,0,,,,
1430778139.36651,pg_catalog,pg_index,49,2325,2686,3196,27,0,17,0,123,17,13,2847,12,2980,,,,
1430778139.36651,public,new_order,4,144000,122400,117035,103751,0,55470,0,47577,20246,1015,380124,662,637167,,,,
1430778139.36651,pg_catalog,pg_tablespace,147,294,5587,5587,0,0,0,0,2,0,162,5596,310,10930,,,,
1430778139.36651,pg_toast,pg_toast_2619,0,0,1783,5957,130,0,69,0,61,69,49,2857,4,1961,,,,
1430778139.36651,pg_catalog,pg_constraint,5,50,8,0,8,0,0,0,10,0,6,33,8,64,0,0,0,0
1430778139.36651,pg_toast,pg_toast_2618,0,0,77,241,0,0,0,0,0,0,51,54,4,85,,,,
1430778139.36651,pg_catalog,pg_cast,3,594,7513,1625,0,0,0,0,198,0,6,1627,6,7593,,,,
1430778139.36651,pg_catalog,pg_ts_config,3,48,0,0,0,0,0,0,16,0,2,2,0,0,,,,
1430778139.36651,pg_catalog,pg_ts_parser,3,3,0,0,0,0,0,0,1,0,2,2,0,0,,,,
1430778139.36651,pg_toast,pg_toast_2620,0,0,0,0,0,0,0,0,0,0,0,0,0,0,,,,
1430778139.36651,pg_toast,pg_toast_2396,0,0,0,0,0,0,0,0,0,0,0,0,0,0,,,,
1430778139.36651,pg_catalog,pg_largeobject,2,0,0,0,0,0,0,0,0,0,0,0,0,0,,,,
1430778139.36651,public,warehouse,63094,190080,148779,148779,4,64272,0,62829,4,2596,127,3958338,2,150304,,,,
1430778139.36651,pg_catalog,pg_enum,4,0,0,0,0,0,0,0,0,0,0,0,0,0,,,,
1430778139.36651,pg_catalog,pg_foreign_table,2,0,0,0,0,0,0,0,0,0,0,0,0,0,,,,
1430778139.36651,pg_catalog,pg_collation,3,1806,0,0,0,0,0,0,602,0,38,38,0,0,,,,
1430778139.36651,public,orders,6,720000,128485,135742,187751,61200,0,45216,187118,18695,3890,310107,1883,891592,,,,
1430778139.36651,pg_catalog,pg_am,148,160,0,0,0,0,0,0,5,0,3,146,0,0,,,,
1430778139.36651,pg_catalog,pg_proc,3,8073,2183,2884,6,0,0,0,2691,0,168,2633,38,4596,0,0,0,0
1430778139.36651,pg_catalog,pg_shdepend,72,72,8162,2041,0,0,0,0,1,0,49,2088,196,8496,,,,
1430778139.36651,pg_catalog,pg_language,4,16,10,10,0,0,0,0,4,0,2,13,4,18,,,,
1430778139.36651,pg_catalog,pg_range,2,12,2,0,0,0,0,0,6,0,2,1,2,2,,,,
1430778139.36651,pg_catalog,pg_attribute,48,8069,8187,28537,1401,20,1219,1,2491,0,194,13302,59,22292,,,,
1430778139.36651,public,stock,4,1600000,1772337,1436436,400000,710301,0,0,397944,447797,122271,2529115,2942,7470483,,,,
1430778139.36651,pg_catalog,pg_database,2637,10140,79670,79620,25,0,24,0,4,0,121,82257,882,97096,,,,
1430778139.36651,pg_catalog,pg_conversion,4,528,0,0,0,0,0,0,132,0,6,9,0,0,,,,
1430778139.36651,pg_catalog,pg_type,3,1099,3396,3037,173,0,151,0,361,0,34,3438,25,7466,,,,
1430778139.36651,pg_catalog,pg_trigger,4,0,0,0,0,0,0,0,0,0,0,0,0,0,0,0,0,0
1430778139.36651,information_schema,sql_implementation_info,1,12,,,0,0,0,0,12,0,2,0,,,0,0,0,0
1430778139.36651,information_schema,sql_languages,1,4,,,0,0,0,0,4,0,2,0,,,0,0,0,0
1430778139.36651,pg_toast,pg_toast_12309,0,0,0,0,0,0,0,0,0,0,0,0,0,0,,,,
1430778139.36651,pg_toast,pg_toast_12334,0,0,0,0,0,0,0,0,0,0,0,0,0,0,,,,
1430778139.36651,public,item,4,400000,711042,710301,100000,0,0,0,100000,0,3845,718103,276,1425232,,,,
1430778139.36651,pg_catalog,pg_amop,4,1744,1140,1494,0,0,0,0,436,0,12,1502,23,2431,,,,
1430778139.36651,pg_toast,pg_toast_1255,0,0,0,0,0,0,0,0,0,0,0,0,0,0,,,,
1430778139.36651,pg_toast,pg_toast_12314,0,0,0,0,0,0,0,0,0,0,0,0,0,0,,,,
1430778139.36651,pg_toast,pg_toast_12324,0,0,0,0,0,0,0,0,0,0,0,0,0,0,,,,
1430778139.36651,pg_catalog,pg_amproc,11,1048,705,1068,0,0,0,0,344,0,9,714,9,1535,,,,
1430778139.36651,pg_toast,pg_toast_2964,0,0,0,0,0,0,0,0,0,0,0,0,0,0,,,,
1430778139.36651,pg_catalog,pg_ts_template,3,15,0,0,0,0,0,0,5,0,2,2,0,0,,,,
1430778139.36651,pg_catalog,pg_db_role_setting,72,0,36560,0,0,0,0,0,0,0,0,0,210,36350,0,0,0,0
1430778139.36651,pg_toast,pg_toast_2609,0,0,0,0,0,0,0,0,0,0,0,0,0,0,,,,
1430778139.36651,information_schema,sql_parts,1,9,,,0,0,0,0,9,0,2,0,,,0,0,0,0
1430778139.36651,pg_catalog,pg_class,131,10499,8845,8108,122,324,101,67,316,0,34,10497,34,15526,,,,
1430778139.36651,pg_catalog,pg_seclabel,2,0,252,0,0,0,0,0,0,0,0,0,2,250,0,0,0,0
1430778139.36651,public,history,1,120000,,,184272,0,0,0,184247,0,3343,70914,,,,,,
1430778139.36651,pg_catalog,pg_ts_config_map,2,608,0,0,0,0,0,0,304,0,4,2,0,0,,,,
1430778139.36651,information_schema,sql_sizing,1,23,,,0,0,0,0,23,0,2,0,,,0,0,0,0
1430778139.36651,pg_toast,pg_toast_12339,0,0,0,0,0,0,0,0,0,0,0,0,0,0,,,,
1430778139.36651,information_schema,sql_packages,1,10,,,0,0,0,0,10,0,2,0,,,0,0,0,0
1430778139.36651,pg_toast,pg_toast_2606,0,0,0,0,0,0,0,0,0,0,0,0,0,0,,,,
1430778139.36651,pg_catalog,pg_pltemplate,48,384,0,0,0,0,0,0,8,0,48,24,0,0,,,,
1430778139.36651,pg_catalog,pg_auth_members,72,0,0,0,0,0,0,0,0,0,0,0,0,0,,,,
1430778139.36651,pg_catalog,pg_depend,3,20120,2731,2507,348,0,256,0,6672,256,103,3172,39,6884,,,,
1430778139.36651,pg_toast,pg_toast_2604,0,0,0,0,0,0,0,0,0,0,0,0,0,0,,,,
1430778139.36651,pg_catalog,pg_shseclabel,48,0,24,0,0,0,0,0,0,0,0,0,24,0,,,,
1430778139.36651,information_schema,sql_features,1,672,,,0,0,0,0,672,0,14,0,,,0,0,0,0
1430778139.36651,pg_toast,pg_toast_12319,0,0,0,0,0,0,0,0,0,0,0,0,0,0,,,,
1430778139.36651,pg_catalog,pg_description,2,7372,252,0,0,0,0,0,3686,0,64,32,6,501,0,0,0,0
1430778139.36651,pg_catalog,pg_namespace,11,66,703,576,0,0,0,0,6,0,3,585,12,841,,,,
1430778139.36651,information_schema,sql_sizing_profiles,1,0,,,0,0,0,0,0,0,0,0,,,0,0,0,0
1430778139.36651,pg_catalog,pg_foreign_server,3,0,0,0,0,0,0,0,0,0,0,0,0,0,,,,
1430778199.37105,pg_catalog,pg_operator,3,2295,1598,10188,0,0,0,0,765,0,42,7115,20,3397,,,,
1430778199.37105,pg_catalog,pg_extension,3,3,0,0,0,0,0,0,1,0,2,2,0,0,,,,
1430778199.37105,pg_catalog,pg_authid,683,683,14720,14720,0,0,0,0,1,0,206,15221,690,28750,,,,
1430778199.37105,pg_catalog,pg_statistic,2,798,12552,12349,92,700,0,238,491,245,104,14282,13,26347,64,4978,4,3339
1430778199.37105,pg_catalog,pg_opfamily,3,258,0,0,0,0,0,0,86,0,4,4,0,0,,,,
1430778199.37105,public,customer,6,720000,474045,1159709,120000,194226,0,169098,119963,8738,79747,1552640,1843,1584988,,,,
1430778199.37105,pg_catalog,pg_shdescription,52,153,24,0,0,0,0,0,3,0,49,27,49,0,0,0,0,0
1430778199.37105,pg_catalog,pg_event_trigger,3,0,27,0,0,0,0,0,0,0,0,0,2,25,,,,
1430778199.37105,pg_catalog,pg_user_mapping,3,0,0,0,0,0,0,0,0,0,0,0,0,0,,,,
1430778199.37105,public,order_line,4,4552236,207220,2527525,2237369,949471,0,453636,2135051,260671,125646,4614782,14414,5455471,,,,
1430778199.37105,pg_catalog,pg_inherits,3,0,84,0,0,0,0,0,0,0,0,0,2,82,,,,
1430778199.37105,pg_toast,pg_toast_3596,0,0,0,0,0,0,0,0,0,0,0,0,0,0,,,,
1430778199.37105,pg_catalog,pg_rewrite,3,327,30,30,0,0,0,0,109,0,27,47,4,48,51,61,8,186
1430778199.37105,public,district,92097,3460480,355318,355318,40,204706,0,203131,40,223,267,12115220,5,705076,,,,
1430778199.37105,pg_catalog,pg_foreign_data_wrapper,3,0,0,0,0,0,0,0,0,0,0,0,0,0,,,,
1430778199.37105,pg_catalog,pg_largeobject_metadata,2,0,0,0,0,0,0,0,0,0,0,0,0,0,,,,
1430778199.37105,pg_catalog,pg_opclass,13,394,1076,14002,0,0,0,0,128,0,9,5225,12,1278,,,,
1430778199.37105,pg_catalog,pg_attrdef,3,0,0,0,0,0,0,0,0,0,0,0,0,0,0,0,0,0
1430778199.37105,pg_catalog,pg_default_acl,3,0,59,0,0,0,0,0,0,0,0,0,2,57,,,,
1430778199.37105,pg_catalog,pg_aggregate,2,266,86,86,0,0,0,0,133,0,5,87,4,128,,,,
1430778199.37105,pg_toast,pg_toast_12329,0,0,0,0,0,0,0,0,0,0,0,0,0,0,,,,
1430778199.37105,pg_catalog,pg_ts_dict,3,48,0,0,0,0,0,0,16,0,2,2,0,0,,,,
1430778199.37105,pg_catalog,pg_index,61,2947,3505,4151,27,0,17,0,123,17,13,3690,12,3813,,,,
1430778199.37105,public,new_order,4,144000,188600,180175,140780,0,85240,0,54541,16992,1055,995130,813,1084323,,,,
1430778199.37105,pg_catalog,pg_tablespace,147,294,5592,5592,0,0,0,0,2,0,162,5601,310,10940,,,,
1430778199.37105,pg_toast,pg_toast_2619,0,0,3008,9257,240,0,179,0,70,110,64,4978,4,3339,,,,
1430778199.37105,pg_catalog,pg_constraint,5,50,8,0,8,0,0,0,10,0,6,33,8,64,0,0,0,0
1430778199.37105,pg_toast,pg_toast_2618,0,0,82,257,0,0,0,0,0,0,51,61,4,93,,,,
1430778199.37105,pg_catalog,pg_cast,3,594,7810,1693,0,0,0,0,198,0,6,1695,6,7897,,,,
1430778199.37105,pg_catalog,pg_ts_config,3,48,0,0,0,0,0,0,16,0,2,2,0,0,,,,
1430778199.37105,pg_catalog,pg_ts_parser,3,3,0,0,0,0,0,0,1,0,2,2,0,0,,,,
1430778199.37105,pg_toast,pg_toast_2620,0,0,0,0,0,0,0,0,0,0,0,0,0,0,,,,
1430778199.37105,pg_toast,pg_toast_2396,0,0,0,0,0,0,0,0,0,0,0,0,0,0,,,,
1430778199.37105,pg_catalog,pg_largeobject,2,0,0,0,0,0,0,0,0,0,0,0,0,0,,,,
1430778199.37105,public,warehouse,63094,190080,257116,257116,4,99926,0,97711,4,1223,174,5120898,2,259495,,,,
1430778199.37105,pg_catalog,pg_enum,4,0,0,0,0,0,0,0,0,0,0,0,0,0,,,,
1430778199.37105,pg_catalog,pg_foreign_table,2,0,0,0,0,0,0,0,0,0,0,0,0,0,,,,
1430778199.37105,pg_catalog,pg_collation,3,1806,0,0,0,0,0,0,602,0,38,38,0,0,,,,
1430778199.37105,public,orders,6,720000,198016,215257,224780,94300,0,68272,223785,30619,4291,487644,2338,1384682,,,,
1430778199.37105,pg_catalog,pg_am,155,167,0,0,0,0,0,0,5,0,3,153,0,0,,,,
1430778199.37105,pg_catalog,pg_proc,3,8073,2261,2997,6,0,0,0,2691,0,168,2726,38,4762,0,0,0,0
1430778199.37105,pg_catalog,pg_shdepend,72,72,8162,2041,0,0,0,0,1,0,49,2088,196,8496,,,,
1430778199.37105,pg_catalog,pg_language,4,16,10,10,0,0,0,0,4,0,2,13,4,18,,,,
1430778199.37105,pg_catalog,pg_range,2,12,2,0,0,0,0,0,6,0,2,1,2,2,,,,
1430778199.37105,pg_catalog,pg_attribute,59,8144,9867,39241,1401,20,1219,1,2491,0,194,16101,59,25662,,,,
1430778199.37105,public,stock,4,1600000,2734686,2222561,400000,1099310,0,0,399739,197722,125309,4062858,3001,11542492,,,,
1430778199.37105,pg_catalog,pg_database,2641,10156,79740,79690,25,0,24,0,4,0,121,82331,882,97182,,,,
1430778199.37105,pg_catalog,pg_conversion,4,528,0,0,0,0,0,0,132,0,6,9,0,0,,,,
1430778199.37105,pg_catalog,pg_type,3,1099,3502,3143,173,0,151,0,361,0,34,3544,25,7685,,,,
1430778199.37105,pg_catalog,pg_trigger,4,0,0,0,0,0,0,0,0,0,0,0,0,0,0,0,0,0
1430778199.37105,information_schema,sql_implementation_info,1,12,,,0,0,0,0,12,0,2,0,,,0,0,0,0
1430778199.37105,information_schema,sql_languages,1,4,,,0,0,0,0,4,0,2,0,,,0,0,0,0
1430778199.37105,pg_toast,pg_toast_12309,0,0,0,0,0,0,0,0,0,0,0,0,0,0,,,,
1430778199.37105,pg_toast,pg_toast_12334,0,0,0,0,0,0,0,0,0,0,0,0,0,0,,,,
1430778199.37105,public,item,4,400000,1100402,1099310,100000,0,0,0,100000,0,3845,1107112,276,2205765,,,,
1430778199.37105,pg_catalog,pg_amop,4,1744,1221,1585,0,0,0,0,436,0,12,1593,23,2605,,,,
1430778199.37105,pg_toast,pg_toast_1255,0,0,0,0,0,0,0,0,0,0,0,0,0,0,,,,
1430778199.37105,pg_toast,pg_toast_12314,0,0,0,0,0,0,0,0,0,0,0,0,0,0,,,,
1430778199.37105,pg_toast,pg_toast_12324,0,0,0,0,0,0,0,0,0,0,0,0,0,0,,,,
1430778199.37105,pg_catalog,pg_amproc,13,1052,749,1120,0,0,0,0,344,0,9,758,9,1630,,,,
1430778199.37105,pg_toast,pg_toast_2964,0,0,0,0,0,0,0,0,0,0,0,0,0,0,,,,
1430778199.37105,pg_catalog,pg_ts_template,3,15,0,0,0,0,0,0,5,0,2,2,0,0,,,,
1430778199.37105,pg_catalog,pg_db_role_setting,72,0,36592,0,0,0,0,0,0,0,0,0,210,36382,0,0,0,0
1430778199.37105,pg_toast,pg_toast_2609,0,0,0,0,0,0,0,0,0,0,0,0,0,0,,,,
1430778199.37105,information_schema,sql_parts,1,9,,,0,0,0,0,9,0,2,0,,,0,0,0,0
1430778199.37105,pg_catalog,pg_class,156,14336,11898,11038,122,324,101,67,316,0,34,13643,34,19285,,,,
1430778199.37105,pg_catalog,pg_seclabel,2,0,252,0,0,0,0,0,0,0,0,0,2,250,0,0,0,0
1430778199.37105,public,history,1,120000,,,219926,0,0,0,219904,0,6323,108830,,,,,,
1430778199.37105,pg_catalog,pg_ts_config_map,2,608,0,0,0,0,0,0,304,0,4,2,0,0,,,,
1430778199.37105,information_schema,sql_sizing,1,23,,,0,0,0,0,23,0,2,0,,,0,0,0,0
1430778199.37105,pg_toast,pg_toast_12339,0,0,0,0,0,0,0,0,0,0,0,0,0,0,,,,
1430778199.37105,information_schema,sql_packages,1,10,,,0,0,0,0,10,0,2,0,,,0,0,0,0
1430778199.37105,pg_toast,pg_toast_2606,0,0,0,0,0,0,0,0,0,0,0,0,0,0,,,,
1430778199.37105,pg_catalog,pg_pltemplate,48,384,0,0,0,0,0,0,8,0,48,24,0,0,,,,
1430778199.37105,pg_catalog,pg_auth_members,72,0,0,0,0,0,0,0,0,0,0,0,0,0,,,,
1430778199.37105,pg_catalog,pg_depend,3,20120,2731,2507,348,0,256,0,6672,256,103,3172,39,6884,,,,
1430778199.37105,pg_toast,pg_toast_2604,0,0,0,0,0,0,0,0,0,0,0,0,0,0,,,,
1430778199.37105,pg_catalog,pg_shseclabel,48,0,24,0,0,0,0,0,0,0,0,0,24,0,,,,
1430778199.37105,information_schema,sql_features,1,672,,,0,0,0,0,672,0,14,0,,,0,0,0,0
1430778199.37105,pg_toast,pg_toast_12319,0,0,0,0,0,0,0,0,0,0,0,0,0,0,,,,
1430778199.37105,pg_catalog,pg_description,2,7372,252,0,0,0,0,0,3686,0,64,32,6,501,0,0,0,0
1430778199.37105,pg_catalog,pg_namespace,13,78,844,712,0,0,0,0,6,0,3,723,12,991,,,,
1430778199.37105,information_schema,sql_sizing_profiles,1,0,,,0,0,0,0,0,0,0,0,,,0,0,0,0
1430778199.37105,pg_catalog,pg_foreign_server,3,0,0,0,0,0,0,0,0,0,0,0,0,0,,,,
1430778259.36224,pg_catalog,pg_operator,3,2295,1621,10211,0,0,0,0,765,0,42,7138,20,3452,,,,
1430778259.36224,pg_catalog,pg_extension,3,3,0,0,0,0,0,0,1,0,2,2,0,0,,,,
1430778259.36224,pg_catalog,pg_authid,684,684,14731,14731,0,0,0,0,1,0,206,15233,690,28772,,,,
1430778259.36224,pg_catalog,pg_statistic,2,798,15455,15246,92,778,0,297,491,81,108,17438,13,32242,64,6349,4,4131
1430778259.36224,pg_catalog,pg_opfamily,3,258,0,0,0,0,0,0,86,0,4,4,0,0,,,,
1430778259.36224,public,customer,6,720000,643655,1575735,120000,263609,0,233458,119984,13977,79747,2099672,1847,2127817,,,,
1430778259.36224,pg_catalog,pg_shdescription,52,153,24,0,0,0,0,0,3,0,49,27,49,0,0,0,0,0
1430778259.36224,pg_catalog,pg_event_trigger,3,0,27,0,0,0,0,0,0,0,0,0,2,25,,,,
1430778259.36224,pg_catalog,pg_user_mapping,3,0,0,0,0,0,0,0,0,0,0,0,0,0,,,,
1430778259.36224,public,order_line,4,4552236,281201,3448535,2630930,1302001,0,665801,2532061,460203,138199,6106379,17499,7292743,,,,
1430778259.36224,pg_catalog,pg_inherits,3,0,84,0,0,0,0,0,0,0,0,0,2,82,,,,
1430778259.36224,pg_toast,pg_toast_3596,0,0,0,0,0,0,0,0,0,0,0,0,0,0,,,,
1430778259.36224,pg_catalog,pg_rewrite,3,327,37,37,0,0,0,0,109,0,27,54,4,60,51,68,8,202
1430778259.36224,public,district,92097,3460480,513238,513238,40,277988,0,275771,40,236,267,12754949,5,1029776,,,,
1430778259.36224,pg_catalog,pg_foreign_data_wrapper,3,0,0,0,0,0,0,0,0,0,0,0,0,0,,,,
1430778259.36224,pg_catalog,pg_largeobject_metadata,2,0,0,0,0,0,0,0,0,0,0,0,0,0,,,,
1430778259.36224,pg_catalog,pg_opclass,17,398,1118,14469,0,0,0,0,128,0,9,5395,12,1330,,,,
1430778259.36224,pg_catalog,pg_attrdef,3,0,0,0,0,0,0,0,0,0,0,0,0,0,0,0,0,0
1430778259.36224,pg_catalog,pg_default_acl,3,0,59,0,0,0,0,0,0,0,0,0,2,57,,,,
1430778259.36224,pg_catalog,pg_aggregate,2,266,87,87,0,0,0,0,133,0,5,88,4,130,,,,
1430778259.36224,pg_toast,pg_toast_12329,0,0,0,0,0,0,0,0,0,0,0,0,0,0,,,,
1430778259.36224,pg_catalog,pg_ts_dict,3,48,0,0,0,0,0,0,16,0,2,2,0,0,,,,
1430778259.36224,pg_catalog,pg_index,80,3576,4056,4796,27,0,17,0,123,17,13,4277,12,4376,,,,
1430778259.36224,public,new_order,4,144000,255800,244042,178279,0,115390,0,61479,19141,1095,1589197,921,1524923,,,,
1430778259.36224,pg_catalog,pg_tablespace,147,294,5597,5597,0,0,0,0,2,0,162,5606,310,10950,,,,
1430778259.36224,pg_toast,pg_toast_2619,0,0,3742,11529,296,0,235,0,70,56,64,6349,4,4131,,,,
1430778259.36224,pg_catalog,pg_constraint,5,50,8,0,8,0,0,0,10,0,6,33,8,64,0,0,0,0
1430778259.36224,pg_toast,pg_toast_2618,0,0,87,273,0,0,0,0,0,0,51,68,4,101,,,,
1430778259.36224,pg_catalog,pg_cast,3,594,7993,1741,0,0,0,0,198,0,6,1743,6,8086,,,,
1430778259.36224,pg_catalog,pg_ts_config,3,48,0,0,0,0,0,0,16,0,2,2,0,0,,,,
1430778259.36224,pg_catalog,pg_ts_parser,3,3,0,0,0,0,0,0,1,0,2,2,0,0,,,,
1430778259.36224,pg_toast,pg_toast_2620,0,0,0,0,0,0,0,0,0,0,0,0,0,0,,,,
1430778259.36224,pg_toast,pg_toast_2396,0,0,0,0,0,0,0,0,0,0,0,0,0,0,,,,
1430778259.36224,pg_catalog,pg_largeobject,2,0,0,0,0,0,0,0,0,0,0,0,0,0,,,,
1430778259.36224,public,warehouse,63094,190080,366181,366181,4,135709,0,132723,4,1059,174,6173643,2,369372,,,,
1430778259.36224,pg_catalog,pg_enum,4,0,0,0,0,0,0,0,0,0,0,0,0,0,,,,
1430778259.36224,pg_catalog,pg_foreign_table,2,0,0,0,0,0,0,0,0,0,0,0,0,0,,,,
1430778259.36224,pg_catalog,pg_collation,3,1806,0,0,0,0,0,0,602,0,38,38,0,0,,,,
1430778259.36224,public,orders,6,720000,268679,300333,262279,127900,0,93122,260950,40860,4666,668491,2870,1876382,,,,
1430778259.36224,pg_catalog,pg_am,161,173,0,0,0,0,0,0,5,0,3,159,0,0,,,,
1430778259.36224,pg_catalog,pg_proc,3,8073,2339,3110,6,0,0,0,2691,0,168,2819,38,4928,0,0,0,0
1430778259.36224,pg_catalog,pg_shdepend,72,72,8162,2041,0,0,0,0,1,0,49,2088,196,8496,,,,
1430778259.36224,pg_catalog,pg_language,4,16,10,10,0,0,0,0,4,0,2,13,4,18,,,,
1430778259.36224,pg_catalog,pg_range,2,12,2,0,0,0,0,0,6,0,2,1,2,2,,,,
1430778259.36224,pg_catalog,pg_attribute,81,8294,11148,47218,1401,20,1219,1,2491,0,194,18283,59,28234,,,,
1430778259.36224,public,stock,4,1600000,3702814,3017750,400000,1492871,0,0,399123,168369,126039,5487043,3010,15642241,,,,
1430778259.36224,pg_catalog,pg_database,2644,10168,79806,79756,25,0,24,0,4,0,121,82400,882,97262,,,,
1430778259.36224,pg_catalog,pg_conversion,4,528,0,0,0,0,0,0,132,0,6,9,0,0,,,,
1430778259.36224,pg_catalog,pg_type,3,1099,3601,3242,173,0,151,0,361,0,34,3643,25,7889,,,,
1430778259.36224,pg_catalog,pg_trigger,4,0,0,0,0,0,0,0,0,0,0,0,0,0,0,0,0,0
1430778259.36224,information_schema,sql_implementation_info,1,12,,,0,0,0,0,12,0,2,0,,,0,0,0,0
1430778259.36224,information_schema,sql_languages,1,4,,,0,0,0,0,4,0,2,0,,,0,0,0,0
1430778259.36224,pg_toast,pg_toast_12309,0,0,0,0,0,0,0,0,0,0,0,0,0,0,,,,
1430778259.36224,pg_toast,pg_toast_12334,0,0,0,0,0,0,0,0,0,0,0,0,0,0,,,,
1430778259.36224,public,item,4,400000,1494301,1492871,100000,0,0,0,100000,0,3845,1500673,276,2995441,,,,
1430778259.36224,pg_catalog,pg_amop,4,1744,1278,1651,0,0,0,0,436,0,12,1659,23,2729,,,,
1430778259.36224,pg_toast,pg_toast_1255,0,0,0,0,0,0,0,0,0,0,0,0,0,0,,,,
1430778259.36224,pg_toast,pg_toast_12314,0,0,0,0,0,0,0,0,0,0,0,0,0,0,,,,
1430778259.36224,pg_toast,pg_toast_12324,0,0,0,0,0,0,0,0,0,0,0,0,0,0,,,,
1430778259.36224,pg_catalog,pg_amproc,17,1060,787,1169,0,0,0,0,344,0,9,805,9,1712,,,,
1430778259.36224,pg_toast,pg_toast_2964,0,0,0,0,0,0,0,0,0,0,0,0,0,0,,,,
1430778259.36224,pg_catalog,pg_ts_template,3,15,0,0,0,0,0,0,5,0,2,2,0,0,,,,
1430778259.36224,pg_catalog,pg_db_role_setting,72,0,36620,0,0,0,0,0,0,0,0,0,210,36410,0,0,0,0
1430778259.36224,pg_toast,pg_toast_2609,0,0,0,0,0,0,0,0,0,0,0,0,0,0,,,,
1430778259.36224,information_schema,sql_parts,1,9,,,0,0,0,0,9,0,2,0,,,0,0,0,0
1430778259.36224,pg_catalog,pg_class,188,17219,14092,13109,122,324,101,67,316,0,34,15936,34,21928,,,,
1430778259.36224,pg_catalog,pg_seclabel,2,0,252,0,0,0,0,0,0,0,0,0,2,250,0,0,0,0
1430778259.36224,public,history,1,120000,,,255709,0,0,0,255630,0,8046,146851,,,,,,
1430778259.36224,pg_catalog,pg_ts_config_map,2,608,0,0,0,0,0,0,304,0,4,2,0,0,,,,
1430778259.36224,information_schema,sql_sizing,1,23,,,0,0,0,0,23,0,2,0,,,0,0,0,0
1430778259.36224,pg_toast,pg_toast_12339,0,0,0,0,0,0,0,0,0,0,0,0,0,0,,,,
1430778259.36224,information_schema,sql_packages,1,10,,,0,0,0,0,10,0,2,0,,,0,0,0,0
1430778259.36224,pg_toast,pg_toast_2606,0,0,0,0,0,0,0,0,0,0,0,0,0,0,,,,
1430778259.36224,pg_catalog,pg_pltemplate,48,384,0,0,0,0,0,0,8,0,48,24,0,0,,,,
1430778259.36224,pg_catalog,pg_auth_members,72,0,0,0,0,0,0,0,0,0,0,0,0,0,,,,
1430778259.36224,pg_catalog,pg_depend,3,20120,2731,2507,348,0,256,0,6672,256,103,3172,39,6884,,,,
1430778259.36224,pg_toast,pg_toast_2604,0,0,0,0,0,0,0,0,0,0,0,0,0,0,,,,
1430778259.36224,pg_catalog,pg_shseclabel,48,0,24,0,0,0,0,0,0,0,0,0,24,0,,,,
1430778259.36224,information_schema,sql_features,1,672,,,0,0,0,0,672,0,14,0,,,0,0,0,0
1430778259.36224,pg_toast,pg_toast_12319,0,0,0,0,0,0,0,0,0,0,0,0,0,0,,,,
1430778259.36224,pg_catalog,pg_description,2,7372,252,0,0,0,0,0,3686,0,64,32,6,501,0,0,0,0
1430778259.36224,pg_catalog,pg_namespace,15,90,985,848,0,0,0,0,6,0,3,861,12,1140,,,,
1430778259.36224,information_schema,sql_sizing_profiles,1,0,,,0,0,0,0,0,0,0,0,,,0,0,0,0
1430778259.36224,pg_catalog,pg_foreign_server,3,0,0,0,0,0,0,0,0,0,0,0,0,0,,,,
1430778319.39556,pg_catalog,pg_operator,3,2295,1645,10235,0,0,0,0,765,0,42,7162,20,3510,,,,
1430778319.39556,pg_catalog,pg_extension,3,3,0,0,0,0,0,0,1,0,2,2,0,0,,,,
1430778319.39556,pg_catalog,pg_authid,685,685,14741,14741,0,0,0,0,1,0,206,15244,690,28792,,,,
1430778319.39556,pg_catalog,pg_statistic,2,798,18362,18145,92,856,0,363,491,131,108,20460,13,38087,64,7529,4,4922
1430778319.39556,pg_catalog,pg_opfamily,3,258,0,0,0,0,0,0,86,0,4,4,0,0,,,,
1430778319.39556,public,customer,6,720000,812388,2005490,120000,332861,0,298166,120006,18429,79747,2657893,1856,2665104,,,,
1430778319.39556,pg_catalog,pg_shdescription,52,153,24,0,0,0,0,0,3,0,49,27,49,0,0,0,0,0
1430778319.39556,pg_catalog,pg_event_trigger,3,0,27,0,0,0,0,0,0,0,0,0,2,25,,,,
1430778319.39556,pg_catalog,pg_user_mapping,3,0,0,0,0,0,0,0,0,0,0,0,0,0,,,,
1430778319.39556,public,order_line,4,4552236,354656,4366511,3016250,1653779,0,896335,2926754,114596,146545,7603960,21127,9063894,,,,
1430778319.39556,pg_catalog,pg_inherits,3,0,84,0,0,0,0,0,0,0,0,0,2,82,,,,
1430778319.39556,pg_toast,pg_toast_3596,0,0,0,0,0,0,0,0,0,0,0,0,0,0,,,,
1430778319.39556,pg_catalog,pg_rewrite,3,327,45,45,0,0,0,0,109,0,27,62,4,74,51,76,8,222
1430778319.39556,public,district,92097,3460480,669804,669804,40,350618,0,347878,40,394,267,13302827,5,1351336,,,,
1430778319.39556,pg_catalog,pg_foreign_data_wrapper,3,0,0,0,0,0,0,0,0,0,0,0,0,0,,,,
1430778319.39556,pg_catalog,pg_largeobject_metadata,2,0,0,0,0,0,0,0,0,0,0,0,0,0,,,,
1430778319.39556,pg_catalog,pg_opclass,17,398,1151,14927,0,0,0,0,128,0,9,5552,12,1374,,,,
1430778319.39556,pg_catalog,pg_attrdef,3,0,0,0,0,0,0,0,0,0,0,0,0,0,0,0,0,0
1430778319.39556,pg_catalog,pg_default_acl,3,0,59,0,0,0,0,0,0,0,0,0,2,57,,,,
1430778319.39556,pg_catalog,pg_aggregate,2,266,88,88,0,0,0,0,133,0,5,89,4,132,,,,
1430778319.39556,pg_toast,pg_toast_12329,0,0,0,0,0,0,0,0,0,0,0,0,0,0,,,,
1430778319.39556,pg_catalog,pg_ts_dict,3,48,0,0,0,0,0,0,16,0,2,2,0,0,,,,
1430778319.39556,pg_catalog,pg_index,85,4191,4604,5440,27,0,17,0,123,17,13,4839,12,4938,,,,
1430778319.39556,public,new_order,4,144000,322660,307813,215087,0,145630,0,67749,18461,1135,2138369,953,1969655,,,,
1430778319.39556,pg_catalog,pg_tablespace,147,294,5602,5602,0,0,0,0,2,0,162,5611,310,10960,,,,
1430778319.39556,pg_toast,pg_toast_2619,0,0,4476,13801,352,0,291,0,70,112,64,7529,4,4922,,,,
1430778319.39556,pg_catalog,pg_constraint,5,50,8,0,8,0,0,0,10,0,6,33,8,64,0,0,0,0
1430778319.39556,pg_toast,pg_toast_2618,0,0,93,291,0,0,0,0,0,0,51,76,4,111,,,,
1430778319.39556,pg_catalog,pg_cast,3,594,8183,1794,0,0,0,0,198,0,6,1796,6,8283,,,,
1430778319.39556,pg_catalog,pg_ts_config,3,48,0,0,0,0,0,0,16,0,2,2,0,0,,,,
1430778319.39556,pg_catalog,pg_ts_parser,3,3,0,0,0,0,0,0,1,0,2,2,0,0,,,,
1430778319.39556,pg_toast,pg_toast_2620,0,0,0,0,0,0,0,0,0,0,0,0,0,0,,,,
1430778319.39556,pg_toast,pg_toast_2396,0,0,0,0,0,0,0,0,0,0,0,0,0,0,,,,
1430778319.39556,pg_catalog,pg_largeobject,2,0,0,0,0,0,0,0,0,0,0,0,0,0,,,,
1430778319.39556,public,warehouse,63094,190080,474633,474633,4,171531,0,167762,4,905,174,7207121,2,478648,,,,
1430778319.39556,pg_catalog,pg_enum,4,0,0,0,0,0,0,0,0,0,0,0,0,0,,,,
1430778319.39556,pg_catalog,pg_foreign_table,2,0,0,0,0,0,0,0,0,0,0,0,0,0,,,,
1430778319.39556,pg_catalog,pg_collation,3,1806,0,0,0,0,0,0,602,0,38,38,0,0,,,,
1430778319.39556,public,orders,6,720000,338861,388680,299087,161330,0,118375,297375,50741,5033,851107,3313,2358989,,,,
1430778319.39556,pg_catalog,pg_am,168,180,0,0,0,0,0,0,5,0,3,166,0,0,,,,
1430778319.39556,pg_catalog,pg_proc,3,8073,2423,3236,6,0,0,0,2691,0,168,2921,38,5108,0,0,0,0
1430778319.39556,pg_catalog,pg_shdepend,72,72,8162,2041,0,0,0,0,1,0,49,2088,196,8496,,,,
1430778319.39556,pg_catalog,pg_language,4,16,10,10,0,0,0,0,4,0,2,13,4,18,,,,
1430778319.39556,pg_catalog,pg_range,2,12,2,0,0,0,0,0,6,0,2,1,2,2,,,,
1430778319.39556,pg_catalog,pg_attribute,81,8294,12352,54231,1401,20,1219,1,2491,0,194,20104,59,30651,,,,
1430778319.39556,public,stock,4,1600000,4654482,3796560,400000,1878191,0,0,399209,96118,126437,6857374,3021,19668042,,,,
1430778319.39556,pg_catalog,pg_database,2646,10176,79867,79817,25,0,24,0,4,0,121,82463,882,97335,,,,
1430778319.39556,pg_catalog,pg_conversion,4,528,0,0,0,0,0,0,132,0,6,9,0,0,,,,
1430778319.39556,pg_catalog,pg_type,3,1099,3716,3357,173,0,151,0,361,0,34,3758,25,8126,,,,
1430778319.39556,pg_catalog,pg_trigger,4,0,0,0,0,0,0,0,0,0,0,0,0,0,0,0,0,0
1430778319.39556,information_schema,sql_implementation_info,1,12,,,0,0,0,0,12,0,2,0,,,0,0,0,0
1430778319.39556,information_schema,sql_languages,1,4,,,0,0,0,0,4,0,2,0,,,0,0,0,0
1430778319.39556,pg_toast,pg_toast_12309,0,0,0,0,0,0,0,0,0,0,0,0,0,0,,,,
1430778319.39556,pg_toast,pg_toast_12334,0,0,0,0,0,0,0,0,0,0,0,0,0,0,,,,
1430778319.39556,public,item,4,400000,1879996,1878191,100000,0,0,0,100000,0,3845,1885993,276,3768629,,,,
1430778319.39556,pg_catalog,pg_amop,4,1744,1341,1725,0,0,0,0,436,0,12,1733,23,2867,,,,
1430778319.39556,pg_toast,pg_toast_1255,0,0,0,0,0,0,0,0,0,0,0,0,0,0,,,,
1430778319.39556,pg_toast,pg_toast_12314,0,0,0,0,0,0,0,0,0,0,0,0,0,0,,,,
1430778319.39556,pg_toast,pg_toast_12324,0,0,0,0,0,0,0,0,0,0,0,0,0,0,,,,
1430778319.39556,pg_catalog,pg_amproc,17,1060,817,1208,0,0,0,0,344,0,9,832,9,1779,,,,
1430778319.39556,pg_toast,pg_toast_2964,0,0,0,0,0,0,0,0,0,0,0,0,0,0,,,,
1430778319.39556,pg_catalog,pg_ts_template,3,15,0,0,0,0,0,0,5,0,2,2,0,0,,,,
1430778319.39556,pg_catalog,pg_db_role_setting,72,0,36644,0,0,0,0,0,0,0,0,0,210,36434,0,0,0,0
1430778319.39556,pg_toast,pg_toast_2609,0,0,0,0,0,0,0,0,0,0,0,0,0,0,,,,
1430778319.39556,information_schema,sql_parts,1,9,,,0,0,0,0,9,0,2,0,,,0,0,0,0
1430778319.39556,pg_catalog,pg_class,198,20080,16299,15193,122,324,101,67,316,0,34,18123,34,24643,,,,
1430778319.39556,pg_catalog,pg_seclabel,2,0,252,0,0,0,0,0,0,0,0,0,2,250,0,0,0,0
1430778319.39556,public,history,1,120000,,,291531,0,0,0,291312,0,9754,185308,,,,,,
1430778319.39556,pg_catalog,pg_ts_config_map,2,608,0,0,0,0,0,0,304,0,4,2,0,0,,,,
1430778319.39556,information_schema,sql_sizing,1,23,,,0,0,0,0,23,0,2,0,,,0,0,0,0
1430778319.39556,pg_toast,pg_toast_12339,0,0,0,0,0,0,0,0,0,0,0,0,0,0,,,,
1430778319.39556,information_schema,sql_packages,1,10,,,0,0,0,0,10,0,2,0,,,0,0,0,0
1430778319.39556,pg_toast,pg_toast_2606,0,0,0,0,0,0,0,0,0,0,0,0,0,0,,,,
1430778319.39556,pg_catalog,pg_pltemplate,48,384,0,0,0,0,0,0,8,0,48,24,0,0,,,,
1430778319.39556,pg_catalog,pg_auth_members,72,0,0,0,0,0,0,0,0,0,0,0,0,0,,,,
1430778319.39556,pg_catalog,pg_depend,3,20120,2731,2507,348,0,256,0,6672,256,103,3172,39,6884,,,,
1430778319.39556,pg_toast,pg_toast_2604,0,0,0,0,0,0,0,0,0,0,0,0,0,0,,,,
1430778319.39556,pg_catalog,pg_shseclabel,48,0,24,0,0,0,0,0,0,0,0,0,24,0,,,,
1430778319.39556,information_schema,sql_features,1,672,,,0,0,0,0,672,0,14,0,,,0,0,0,0
1430778319.39556,pg_toast,pg_toast_12319,0,0,0,0,0,0,0,0,0,0,0,0,0,0,,,,
1430778319.39556,pg_catalog,pg_description,2,7372,252,0,0,0,0,0,3686,0,64,32,6,501,0,0,0,0
1430778319.39556,pg_catalog,pg_namespace,17,102,1127,984,0,0,0,0,6,0,3,999,12,1291,,,,
1430778319.39556,information_schema,sql_sizing_profiles,1,0,,,0,0,0,0,0,0,0,0,,,0,0,0,0
1430778319.39556,pg_catalog,pg_foreign_server,3,0,0,0,0,0,0,0,0,0,0,0,0,0,,,,
1430778379.42661,pg_catalog,pg_operator,3,2295,1667,10257,0,0,0,0,765,0,42,7184,20,3562,,,,
1430778379.42661,pg_catalog,pg_extension,3,3,0,0,0,0,0,0,1,0,2,2,0,0,,,,
1430778379.42661,pg_catalog,pg_authid,686,686,14753,14753,0,0,0,0,1,0,206,15257,690,28816,,,,
1430778379.42661,pg_catalog,pg_statistic,2,798,21261,21040,92,934,0,433,491,139,108,23471,13,43906,74,8886,4,5714
1430778379.42661,pg_catalog,pg_opfamily,3,258,0,0,0,0,0,0,86,0,4,4,0,0,,,,
1430778379.42661,public,customer,6,720000,981727,2441957,120000,402101,0,363360,120024,22258,79747,3219558,1869,3201202,,,,
1430778379.42661,pg_catalog,pg_shdescription,52,153,24,0,0,0,0,0,3,0,49,27,49,0,0,0,0,0
1430778379.42661,pg_catalog,pg_event_trigger,3,0,27,0,0,0,0,0,0,0,0,0,2,25,,,,
1430778379.42661,pg_catalog,pg_user_mapping,3,0,0,0,0,0,0,0,0,0,0,0,0,0,,,,
1430778379.42661,public,order_line,4,4552236,428428,5296690,3408846,2005666,0,1129106,3265158,285608,155026,9026696,24086,10833822,,,,
1430778379.42661,pg_catalog,pg_inherits,3,0,84,0,0,0,0,0,0,0,0,0,2,82,,,,
1430778379.42661,pg_toast,pg_toast_3596,0,0,0,0,0,0,0,0,0,0,0,0,0,0,,,,
1430778379.42661,pg_catalog,pg_rewrite,3,327,51,51,0,0,0,0,109,0,27,68,4,84,51,82,8,234
1430778379.42661,public,district,92097,3460480,827821,827821,40,423750,0,420491,40,503,267,13853899,5,1676000,,,,
1430778379.42661,pg_catalog,pg_foreign_data_wrapper,3,0,0,0,0,0,0,0,0,0,0,0,0,0,,,,
1430778379.42661,pg_catalog,pg_largeobject_metadata,2,0,0,0,0,0,0,0,0,0,0,0,0,0,,,,
1430778379.42661,pg_catalog,pg_opclass,17,398,1180,15381,0,0,0,0,128,0,9,5705,12,1411,,,,
1430778379.42661,pg_catalog,pg_attrdef,3,0,0,0,0,0,0,0,0,0,0,0,0,0,0,0,0,0
1430778379.42661,pg_catalog,pg_default_acl,3,0,59,0,0,0,0,0,0,0,0,0,2,57,,,,
1430778379.42661,pg_catalog,pg_aggregate,2,266,89,89,0,0,0,0,133,0,5,90,4,134,,,,
1430778379.42661,pg_toast,pg_toast_12329,0,0,0,0,0,0,0,0,0,0,0,0,0,0,,,,
1430778379.42661,pg_catalog,pg_ts_dict,3,48,0,0,0,0,0,0,16,0,2,2,0,0,,,,
1430778379.42661,pg_catalog,pg_index,90,4806,5051,5979,27,0,17,0,123,17,13,5300,12,5394,,,,
1430778379.42661,public,new_order,4,144000,389680,371444,252489,0,175590,0,74736,18633,1135,2636713,1010,2414884,,,,
1430778379.42661,pg_catalog,pg_tablespace,147,294,5607,5607,0,0,0,0,2,0,162,5616,310,10970,,,,
1430778379.42661,pg_toast,pg_toast_2619,0,0,5210,16073,408,0,347,0,70,56,74,8886,4,5714,,,,
1430778379.42661,pg_catalog,pg_constraint,5,50,8,0,8,0,0,0,10,0,6,33,8,64,0,0,0,0
1430778379.42661,pg_toast,pg_toast_2618,0,0,97,305,0,0,0,0,0,0,51,82,4,117,,,,
1430778379.42661,pg_catalog,pg_cast,3,594,8359,1837,0,0,0,0,198,0,6,1839,6,8464,,,,
1430778379.42661,pg_catalog,pg_ts_config,3,48,0,0,0,0,0,0,16,0,2,2,0,0,,,,
1430778379.42661,pg_catalog,pg_ts_parser,3,3,0,0,0,0,0,0,1,0,2,2,0,0,,,,
1430778379.42661,pg_toast,pg_toast_2620,0,0,0,0,0,0,0,0,0,0,0,0,0,0,,,,
1430778379.42661,pg_toast,pg_toast_2396,0,0,0,0,0,0,0,0,0,0,0,0,0,0,,,,
1430778379.42661,pg_catalog,pg_largeobject,2,0,0,0,0,0,0,0,0,0,0,0,0,0,,,,
1430778379.42661,public,warehouse,63094,190080,583495,583495,4,207261,0,202715,4,1064,174,8206321,2,588328,,,,
1430778379.42661,pg_catalog,pg_enum,4,0,0,0,0,0,0,0,0,0,0,0,0,0,,,,
1430778379.42661,pg_catalog,pg_foreign_table,2,0,0,0,0,0,0,0,0,0,0,0,0,0,,,,
1430778379.42661,pg_catalog,pg_collation,3,1806,0,0,0,0,0,0,602,0,38,38,0,0,,,,
1430778379.42661,public,orders,6,720000,409270,480933,336489,194840,0,145098,334436,58814,5388,1035961,3764,2837506,,,,
1430778379.42661,pg_catalog,pg_am,172,184,0,0,0,0,0,0,5,0,3,170,0,0,,,,
1430778379.42661,pg_catalog,pg_proc,3,8073,2495,3336,6,0,0,0,2691,0,168,3005,38,5260,0,0,0,0
1430778379.42661,pg_catalog,pg_shdepend,72,72,8162,2041,0,0,0,0,1,0,49,2088,196,8496,,,,
1430778379.42661,pg_catalog,pg_language,4,16,10,10,0,0,0,0,4,0,2,13,4,18,,,,
1430778379.42661,pg_catalog,pg_range,2,12,2,0,0,0,0,0,6,0,2,1,2,2,,,,
1430778379.42661,pg_catalog,pg_attribute,81,8294,13425,60462,1401,20,1219,1,2491,0,194,21724,59,32803,,,,
1430778379.42661,public,stock,4,1600000,5631542,4590526,400000,2270787,0,0,399220,174834,126661,8265301,3021,23791686,,,,
1430778379.42661,pg_catalog,pg_database,2650,10192,79936,79886,25,0,24,0,4,0,121,82536,882,97420,,,,
1430778379.42661,pg_catalog,pg_conversion,4,528,0,0,0,0,0,0,132,0,6,9,0,0,,,,
1430778379.42661,pg_catalog,pg_type,3,1099,3799,3440,173,0,151,0,361,0,34,3841,25,8297,,,,
1430778379.42661,pg_catalog,pg_trigger,4,0,0,0,0,0,0,0,0,0,0,0,0,0,0,0,0,0
1430778379.42661,information_schema,sql_implementation_info,1,12,,,0,0,0,0,12,0,2,0,,,0,0,0,0
1430778379.42661,information_schema,sql_languages,1,4,,,0,0,0,0,4,0,2,0,,,0,0,0,0
1430778379.42661,pg_toast,pg_toast_12309,0,0,0,0,0,0,0,0,0,0,0,0,0,0,,,,
1430778379.42661,pg_toast,pg_toast_12334,0,0,0,0,0,0,0,0,0,0,0,0,0,0,,,,
1430778379.42661,public,item,4,400000,2272953,2270787,100000,0,0,0,100000,0,3845,2278589,276,4556327,,,,
1430778379.42661,pg_catalog,pg_amop,4,1744,1392,1783,0,0,0,0,436,0,12,1791,23,2977,,,,
1430778379.42661,pg_toast,pg_toast_1255,0,0,0,0,0,0,0,0,0,0,0,0,0,0,,,,
1430778379.42661,pg_toast,pg_toast_12314,0,0,0,0,0,0,0,0,0,0,0,0,0,0,,,,
1430778379.42661,pg_toast,pg_toast_12324,0,0,0,0,0,0,0,0,0,0,0,0,0,0,,,,
1430778379.42661,pg_catalog,pg_amproc,17,1060,841,1237,0,0,0,0,344,0,9,853,9,1831,,,,
1430778379.42661,pg_toast,pg_toast_2964,0,0,0,0,0,0,0,0,0,0,0,0,0,0,,,,
1430778379.42661,pg_catalog,pg_ts_template,3,15,0,0,0,0,0,0,5,0,2,2,0,0,,,,
1430778379.42661,pg_catalog,pg_db_role_setting,72,0,36676,0,0,0,0,0,0,0,0,0,210,36466,0,0,0,0
1430778379.42661,pg_toast,pg_toast_2609,0,0,0,0,0,0,0,0,0,0,0,0,0,0,,,,
1430778379.42661,information_schema,sql_parts,1,9,,,0,0,0,0,9,0,2,0,,,0,0,0,0
1430778379.42661,pg_catalog,pg_class,208,22941,18285,17056,122,324,101,67,316,0,34,20089,34,27074,,,,
1430778379.42661,pg_catalog,pg_seclabel,2,0,252,0,0,0,0,0,0,0,0,0,2,250,0,0,0,0
1430778379.42661,public,history,1,120000,,,327261,0,0,0,327174,0,11463,224098,,,,,,
1430778379.42661,pg_catalog,pg_ts_config_map,2,608,0,0,0,0,0,0,304,0,4,2,0,0,,,,
1430778379.42661,information_schema,sql_sizing,1,23,,,0,0,0,0,23,0,2,0,,,0,0,0,0
1430778379.42661,pg_toast,pg_toast_12339,0,0,0,0,0,0,0,0,0,0,0,0,0,0,,,,
1430778379.42661,information_schema,sql_packages,1,10,,,0,0,0,0,10,0,2,0,,,0,0,0,0
1430778379.42661,pg_toast,pg_toast_2606,0,0,0,0,0,0,0,0,0,0,0,0,0,0,,,,
1430778379.42661,pg_catalog,pg_pltemplate,48,384,0,0,0,0,0,0,8,0,48,24,0,0,,,,
1430778379.42661,pg_catalog,pg_auth_members,72,0,0,0,0,0,0,0,0,0,0,0,0,0,,,,
1430778379.42661,pg_catalog,pg_depend,3,20120,2731,2507,348,0,256,0,6672,256,103,3172,39,6884,,,,
1430778379.42661,pg_toast,pg_toast_2604,0,0,0,0,0,0,0,0,0,0,0,0,0,0,,,,
1430778379.42661,pg_catalog,pg_shseclabel,48,0,24,0,0,0,0,0,0,0,0,0,24,0,,,,
1430778379.42661,information_schema,sql_features,1,672,,,0,0,0,0,672,0,14,0,,,0,0,0,0
1430778379.42661,pg_toast,pg_toast_12319,0,0,0,0,0,0,0,0,0,0,0,0,0,0,,,,
1430778379.42661,pg_catalog,pg_description,2,7372,252,0,0,0,0,0,3686,0,64,32,6,501,0,0,0,0
1430778379.42661,pg_catalog,pg_namespace,19,114,1264,1117,0,0,0,0,6,0,3,1134,12,1435,,,,
1430778379.42661,information_schema,sql_sizing_profiles,1,0,,,0,0,0,0,0,0,0,0,,,0,0,0,0
1430778379.42661,pg_catalog,pg_foreign_server,3,0,0,0,0,0,0,0,0,0,0,0,0,0,,,,
1430778439.45331,pg_catalog,pg_operator,3,2295,1690,10280,0,0,0,0,765,0,42,7207,20,3617,,,,
1430778439.45331,pg_catalog,pg_extension,3,3,0,0,0,0,0,0,1,0,2,2,0,0,,,,
1430778439.45331,pg_catalog,pg_authid,687,687,14764,14764,0,0,0,0,1,0,206,15269,690,28838,,,,
1430778439.45331,pg_catalog,pg_statistic,2,798,24164,23937,92,1012,0,501,491,147,108,26486,13,49738,74,10068,4,6505
1430778439.45331,pg_catalog,pg_opfamily,3,258,0,0,0,0,0,0,86,0,4,4,0,0,,,,
1430778439.45331,public,customer,6,720000,1150964,2868638,120000,472024,0,430223,120018,26191,79909,3765408,1878,3730879,,,,
1430778439.45331,pg_catalog,pg_shdescription,52,153,24,0,0,0,0,0,3,0,49,27,49,0,0,0,0,0
1430778439.45331,pg_catalog,pg_event_trigger,3,0,27,0,0,0,0,0,0,0,0,0,2,25,,,,
1430778439.45331,pg_catalog,pg_user_mapping,3,0,0,0,0,0,0,0,0,0,0,0,0,0,,,,
1430778439.45331,public,order_line,4,4552236,504047,6244826,3801061,2366473,0,1341379,3712724,495491,164869,10586137,27046,12696837,,,,
1430778439.45331,pg_catalog,pg_inherits,3,0,84,0,0,0,0,0,0,0,0,0,2,82,,,,
1430778439.45331,pg_toast,pg_toast_3596,0,0,0,0,0,0,0,0,0,0,0,0,0,0,,,,
1430778439.45331,pg_catalog,pg_rewrite,3,327,58,58,0,0,0,0,109,0,27,75,4,96,51,89,8,250
1430778439.45331,public,district,92097,3460480,985364,985364,40,496679,0,492890,40,339,267,14372681,5,1999692,,,,
1430778439.45331,pg_catalog,pg_foreign_data_wrapper,3,0,0,0,0,0,0,0,0,0,0,0,0,0,,,,
1430778439.45331,pg_catalog,pg_largeobject_metadata,2,0,0,0,0,0,0,0,0,0,0,0,0,0,,,,
1430778439.45331,pg_catalog,pg_opclass,17,398,1212,15838,0,0,0,0,128,0,9,5861,12,1453,,,,
1430778439.45331,pg_catalog,pg_attrdef,3,0,0,0,0,0,0,0,0,0,0,0,0,0,0,0,0,0
1430778439.45331,pg_catalog,pg_default_acl,3,0,59,0,0,0,0,0,0,0,0,0,2,57,,,,
1430778439.45331,pg_catalog,pg_aggregate,2,266,90,90,0,0,0,0,133,0,5,91,4,136,,,,
1430778439.45331,pg_toast,pg_toast_12329,0,0,0,0,0,0,0,0,0,0,0,0,0,0,,,,
1430778439.45331,pg_catalog,pg_ts_dict,3,48,0,0,0,0,0,0,16,0,2,2,0,0,,,,
1430778439.45331,pg_catalog,pg_index,95,5421,5546,6568,27,0,17,0,123,17,13,5809,12,5901,,,,
1430778439.45331,public,new_order,4,144000,458580,436373,289945,0,205840,0,81594,19076,1209,3167754,1057,2870068,,,,
1430778439.45331,pg_catalog,pg_tablespace,147,294,5612,5612,0,0,0,0,2,0,162,5621,310,10980,,,,
1430778439.45331,pg_toast,pg_toast_2619,0,0,5944,18345,464,0,403,0,70,112,74,10068,4,6505,,,,
1430778439.45331,pg_catalog,pg_constraint,5,50,8,0,8,0,0,0,10,0,6,33,8,64,0,0,0,0
1430778439.45331,pg_toast,pg_toast_2618,0,0,102,321,0,0,0,0,0,0,51,89,4,125,,,,
1430778439.45331,pg_catalog,pg_cast,3,594,8542,1885,0,0,0,0,198,0,6,1887,6,8653,,,,
1430778439.45331,pg_catalog,pg_ts_config,3,48,0,0,0,0,0,0,16,0,2,2,0,0,,,,
1430778439.45331,pg_catalog,pg_ts_parser,3,3,0,0,0,0,0,0,1,0,2,2,0,0,,,,
1430778439.45331,pg_toast,pg_toast_2620,0,0,0,0,0,0,0,0,0,0,0,0,0,0,,,,
1430778439.45331,pg_toast,pg_toast_2396,0,0,0,0,0,0,0,0,0,0,0,0,0,0,,,,
1430778439.45331,pg_catalog,pg_largeobject,2,0,0,0,0,0,0,0,0,0,0,0,0,0,,,,
1430778439.45331,public,warehouse,63094,190080,691897,691897,4,242734,0,237412,4,1115,174,9178371,2,697547,,,,
1430778439.45331,pg_catalog,pg_enum,4,0,0,0,0,0,0,0,0,0,0,0,0,0,,,,
1430778439.45331,pg_catalog,pg_foreign_table,2,0,0,0,0,0,0,0,0,0,0,0,0,0,,,,
1430778439.45331,pg_catalog,pg_collation,3,1806,0,0,0,0,0,0,602,0,38,38,0,0,,,,
1430778439.45331,public,orders,6,720000,481504,579331,373945,229290,0,172343,371552,67799,5746,1230046,4228,3324389,,,,
1430778439.45331,pg_catalog,pg_am,178,190,0,0,0,0,0,0,5,0,3,176,0,0,,,,
1430778439.45331,pg_catalog,pg_proc,3,8073,2573,3449,6,0,0,0,2691,0,168,3098,38,5426,0,0,0,0
1430778439.45331,pg_catalog,pg_shdepend,72,72,8162,2041,0,0,0,0,1,0,49,2088,196,8496,,,,
1430778439.45331,pg_catalog,pg_language,4,16,10,10,0,0,0,0,4,0,2,13,4,18,,,,
1430778439.45331,pg_catalog,pg_range,2,12,2,0,0,0,0,0,6,0,2,1,2,2,,,,
1430778439.45331,pg_catalog,pg_attribute,81,8294,14561,66894,1401,20,1219,1,2491,0,194,23418,59,35083,,,,
1430778439.45331,public,stock,4,1600000,6608533,5383634,400000,2663002,0,0,399261,175515,126768,9656085,3026,27914415,,,,
1430778439.45331,pg_catalog,pg_database,2653,10204,80001,79951,25,0,24,0,4,0,121,82604,882,97499,,,,
1430778439.45331,pg_catalog,pg_conversion,4,528,0,0,0,0,0,0,132,0,6,9,0,0,,,,
1430778439.45331,pg_catalog,pg_type,3,1099,3898,3539,173,0,151,0,361,0,34,3940,25,8501,,,,
1430778439.45331,pg_catalog,pg_trigger,4,0,0,0,0,0,0,0,0,0,0,0,0,0,0,0,0,0
1430778439.45331,information_schema,sql_implementation_info,1,12,,,0,0,0,0,12,0,2,0,,,0,0,0,0
1430778439.45331,information_schema,sql_languages,1,4,,,0,0,0,0,4,0,2,0,,,0,0,0,0
1430778439.45331,pg_toast,pg_toast_12309,0,0,0,0,0,0,0,0,0,0,0,0,0,0,,,,
1430778439.45331,pg_toast,pg_toast_12334,0,0,0,0,0,0,0,0,0,0,0,0,0,0,,,,
1430778439.45331,public,item,4,400000,2665540,2663002,100000,0,0,0,100000,0,3845,2670804,276,5343406,,,,
1430778439.45331,pg_catalog,pg_amop,4,1744,1449,1849,0,0,0,0,436,0,12,1857,23,3101,,,,
1430778439.45331,pg_toast,pg_toast_1255,0,0,0,0,0,0,0,0,0,0,0,0,0,0,,,,
1430778439.45331,pg_toast,pg_toast_12314,0,0,0,0,0,0,0,0,0,0,0,0,0,0,,,,
1430778439.45331,pg_toast,pg_toast_12324,0,0,0,0,0,0,0,0,0,0,0,0,0,0,,,,
1430778439.45331,pg_catalog,pg_amproc,17,1060,869,1273,0,0,0,0,344,0,9,878,9,1893,,,,
1430778439.45331,pg_toast,pg_toast_2964,0,0,0,0,0,0,0,0,0,0,0,0,0,0,,,,
1430778439.45331,pg_catalog,pg_ts_template,3,15,0,0,0,0,0,0,5,0,2,2,0,0,,,,
1430778439.45331,pg_catalog,pg_db_role_setting,72,0,36704,0,0,0,0,0,0,0,0,0,210,36494,0,0,0,0
1430778439.45331,pg_toast,pg_toast_2609,0,0,0,0,0,0,0,0,0,0,0,0,0,0,,,,
1430778439.45331,information_schema,sql_parts,1,9,,,0,0,0,0,9,0,2,0,,,0,0,0,0
1430778439.45331,pg_catalog,pg_class,218,25802,20344,18992,122,324,101,67,316,0,34,22127,34,29593,,,,
1430778439.45331,pg_catalog,pg_seclabel,2,0,252,0,0,0,0,0,0,0,0,0,2,250,0,0,0,0
1430778439.45331,public,history,1,120000,,,362734,0,0,0,362660,0,13165,263032,,,,,,
1430778439.45331,pg_catalog,pg_ts_config_map,2,608,0,0,0,0,0,0,304,0,4,2,0,0,,,,
1430778439.45331,information_schema,sql_sizing,1,23,,,0,0,0,0,23,0,2,0,,,0,0,0,0
1430778439.45331,pg_toast,pg_toast_12339,0,0,0,0,0,0,0,0,0,0,0,0,0,0,,,,
1430778439.45331,information_schema,sql_packages,1,10,,,0,0,0,0,10,0,2,0,,,0,0,0,0
1430778439.45331,pg_toast,pg_toast_2606,0,0,0,0,0,0,0,0,0,0,0,0,0,0,,,,
1430778439.45331,pg_catalog,pg_pltemplate,48,384,0,0,0,0,0,0,8,0,48,24,0,0,,,,
1430778439.45331,pg_catalog,pg_auth_members,72,0,0,0,0,0,0,0,0,0,0,0,0,0,,,,
1430778439.45331,pg_catalog,pg_depend,3,20120,2731,2507,348,0,256,0,6672,256,103,3172,39,6884,,,,
1430778439.45331,pg_toast,pg_toast_2604,0,0,0,0,0,0,0,0,0,0,0,0,0,0,,,,
1430778439.45331,pg_catalog,pg_shseclabel,48,0,24,0,0,0,0,0,0,0,0,0,24,0,,,,
1430778439.45331,information_schema,sql_features,1,672,,,0,0,0,0,672,0,14,0,,,0,0,0,0
1430778439.45331,pg_toast,pg_toast_12319,0,0,0,0,0,0,0,0,0,0,0,0,0,0,,,,
1430778439.45331,pg_catalog,pg_description,2,7372,252,0,0,0,0,0,3686,0,64,32,6,501,0,0,0,0
1430778439.45331,pg_catalog,pg_namespace,21,126,1403,1251,0,0,0,0,6,0,3,1270,12,1582,,,,
1430778439.45331,information_schema,sql_sizing_profiles,1,0,,,0,0,0,0,0,0,0,0,,,0,0,0,0
1430778439.45331,pg_catalog,pg_foreign_server,3,0,0,0,0,0,0,0,0,0,0,0,0,0,,,,
1430778499.46126,pg_catalog,pg_operator,3,2295,1713,10303,0,0,0,0,765,0,42,7230,20,3672,,,,
1430778499.46126,pg_catalog,pg_extension,3,3,0,0,0,0,0,0,1,0,2,2,0,0,,,,
1430778499.46126,pg_catalog,pg_authid,688,688,14775,14775,0,0,0,0,1,0,206,15281,690,28860,,,,
1430778499.46126,pg_catalog,pg_statistic,2,798,27059,26826,92,1082,0,566,491,171,108,29476,13,55544,74,11382,4,7313
1430778499.46126,pg_catalog,pg_opfamily,3,258,0,0,0,0,0,0,86,0,4,4,0,0,,,,
1430778499.46126,public,customer,6,720000,1319625,3241550,120000,540725,0,496657,119979,9223,79939,4291836,1878,4256127,,,,
1430778499.46126,pg_catalog,pg_shdescription,52,153,24,0,0,0,0,0,3,0,49,27,49,0,0,0,0,0
1430778499.46126,pg_catalog,pg_event_trigger,3,0,27,0,0,0,0,0,0,0,0,0,2,25,,,,
1430778499.46126,pg_catalog,pg_user_mapping,3,0,0,0,0,0,0,0,0,0,0,0,0,0,,,,
1430778499.46126,public,order_line,4,4552236,577089,7157090,4197440,2715514,0,1545422,4161662,701728,174050,12115317,30000,14553809,,,,
1430778499.46126,pg_catalog,pg_inherits,3,0,84,0,0,0,0,0,0,0,0,0,2,82,,,,
1430778499.46126,pg_toast,pg_toast_3596,0,0,0,0,0,0,0,0,0,0,0,0,0,0,,,,
1430778499.46126,pg_catalog,pg_rewrite,3,327,65,65,0,0,0,0,109,0,27,82,4,108,51,96,8,266
1430778499.46126,public,district,92097,3460480,1142815,1142815,40,569987,0,565781,40,583,267,14846344,5,2323058,,,,
1430778499.46126,pg_catalog,pg_foreign_data_wrapper,3,0,0,0,0,0,0,0,0,0,0,0,0,0,,,,
1430778499.46126,pg_catalog,pg_largeobject_metadata,2,0,0,0,0,0,0,0,0,0,0,0,0,0,,,,
1430778499.46126,pg_catalog,pg_opclass,17,398,1245,16296,0,0,0,0,128,0,9,6018,12,1497,,,,
1430778499.46126,pg_catalog,pg_attrdef,3,0,0,0,0,0,0,0,0,0,0,0,0,0,0,0,0,0
1430778499.46126,pg_catalog,pg_default_acl,3,0,59,0,0,0,0,0,0,0,0,0,2,57,,,,
1430778499.46126,pg_catalog,pg_aggregate,2,266,91,91,0,0,0,0,133,0,5,92,4,138,,,,
1430778499.46126,pg_toast,pg_toast_12329,0,0,0,0,0,0,0,0,0,0,0,0,0,0,,,,
1430778499.46126,pg_catalog,pg_ts_dict,3,48,0,0,0,0,0,0,16,0,2,2,0,0,,,,
1430778499.46126,pg_catalog,pg_index,100,6036,6106,7305,27,0,17,0,123,17,13,6384,12,6474,,,,
1430778499.46126,public,new_order,4,144000,524920,499551,327722,0,235670,0,89157,17942,1249,3620798,1122,3316517,,,,
1430778499.46126,pg_catalog,pg_tablespace,147,294,5617,5617,0,0,0,0,2,0,162,5626,310,10990,,,,
1430778499.46126,pg_toast,pg_toast_2619,0,0,6675,20613,518,0,457,0,70,77,74,11382,4,7313,,,,
1430778499.46126,pg_catalog,pg_constraint,5,50,8,0,8,0,0,0,10,0,6,33,8,64,0,0,0,0
1430778499.46126,pg_toast,pg_toast_2618,0,0,107,337,0,0,0,0,0,0,51,96,4,133,,,,
1430778499.46126,pg_catalog,pg_cast,3,594,8725,1933,0,0,0,0,198,0,6,1935,6,8842,,,,
1430778499.46126,pg_catalog,pg_ts_config,3,48,0,0,0,0,0,0,16,0,2,2,0,0,,,,
1430778499.46126,pg_catalog,pg_ts_parser,3,3,0,0,0,0,0,0,1,0,2,2,0,0,,,,
1430778499.46126,pg_toast,pg_toast_2620,0,0,0,0,0,0,0,0,0,0,0,0,0,0,,,,
1430778499.46126,pg_toast,pg_toast_2396,0,0,0,0,0,0,0,0,0,0,0,0,0,0,,,,
1430778499.46126,pg_catalog,pg_largeobject,2,0,0,0,0,0,0,0,0,0,0,0,0,0,,,,
1430778499.46126,public,warehouse,63094,190080,800736,800736,4,278265,0,272148,4,1231,174,10106485,2,807222,,,,
1430778499.46126,pg_catalog,pg_enum,4,0,0,0,0,0,0,0,0,0,0,0,0,0,,,,
1430778499.46126,pg_catalog,pg_foreign_table,2,0,0,0,0,0,0,0,0,0,0,0,0,0,,,,
1430778499.46126,pg_catalog,pg_collation,3,1806,0,0,0,0,0,0,602,0,38,38,0,0,,,,
1430778499.46126,public,orders,6,720000,551155,677383,411722,262460,0,198936,408691,5512,5932,1433056,4866,3805997,,,,
1430778499.46126,pg_catalog,pg_am,185,197,0,0,0,0,0,0,5,0,3,183,0,0,,,,
1430778499.46126,pg_catalog,pg_proc,3,8073,2651,3562,6,0,0,0,2691,0,168,3191,38,5592,0,0,0,0
1430778499.46126,pg_catalog,pg_shdepend,72,72,8162,2041,0,0,0,0,1,0,49,2088,196,8496,,,,
1430778499.46126,pg_catalog,pg_language,4,16,10,10,0,0,0,0,4,0,2,13,4,18,,,,
1430778499.46126,pg_catalog,pg_range,2,12,2,0,0,0,0,0,6,0,2,1,2,2,,,,
1430778499.46126,pg_catalog,pg_attribute,81,8294,15741,74178,1401,20,1219,1,2491,0,194,25200,59,37452,,,,
1430778499.46126,public,stock,4,1600000,7581553,6184471,400000,3059381,0,0,399360,148764,126782,11038293,3029,32037639,,,,
1430778499.46126,pg_catalog,pg_database,2656,10216,80067,80017,25,0,24,0,4,0,121,82673,882,97579,,,,
1430778499.46126,pg_catalog,pg_conversion,4,528,0,0,0,0,0,0,132,0,6,9,0,0,,,,
1430778499.46126,pg_catalog,pg_type,3,1099,3997,3638,173,0,151,0,361,0,34,4039,25,8705,,,,
1430778499.46126,pg_catalog,pg_trigger,4,0,0,0,0,0,0,0,0,0,0,0,0,0,0,0,0,0
1430778499.46126,information_schema,sql_implementation_info,1,12,,,0,0,0,0,12,0,2,0,,,0,0,0,0
1430778499.46126,information_schema,sql_languages,1,4,,,0,0,0,0,4,0,2,0,,,0,0,0,0
1430778499.46126,pg_toast,pg_toast_12309,0,0,0,0,0,0,0,0,0,0,0,0,0,0,,,,
1430778499.46126,pg_toast,pg_toast_12334,0,0,0,0,0,0,0,0,0,0,0,0,0,0,,,,
1430778499.46126,public,item,4,400000,3062283,3059381,100000,0,0,0,100000,0,3845,3067183,276,6138741,,,,
1430778499.46126,pg_catalog,pg_amop,4,1744,1506,1915,0,0,0,0,436,0,12,1923,23,3225,,,,
1430778499.46126,pg_toast,pg_toast_1255,0,0,0,0,0,0,0,0,0,0,0,0,0,0,,,,
1430778499.46126,pg_toast,pg_toast_12314,0,0,0,0,0,0,0,0,0,0,0,0,0,0,,,,
1430778499.46126,pg_toast,pg_toast_12324,0,0,0,0,0,0,0,0,0,0,0,0,0,0,,,,
1430778499.46126,pg_catalog,pg_amproc,17,1060,898,1311,0,0,0,0,344,0,9,904,9,1958,,,,
1430778499.46126,pg_toast,pg_toast_2964,0,0,0,0,0,0,0,0,0,0,0,0,0,0,,,,
1430778499.46126,pg_catalog,pg_ts_template,3,15,0,0,0,0,0,0,5,0,2,2,0,0,,,,
1430778499.46126,pg_catalog,pg_db_role_setting,72,0,36732,0,0,0,0,0,0,0,0,0,210,36522,0,0,0,0
1430778499.46126,pg_toast,pg_toast_2609,0,0,0,0,0,0,0,0,0,0,0,0,0,0,,,,
1430778499.46126,information_schema,sql_parts,1,9,,,0,0,0,0,9,0,2,0,,,0,0,0,0
1430778499.46126,pg_catalog,pg_class,228,28663,22533,21058,122,324,101,67,316,0,34,24298,34,32281,,,,
1430778499.46126,pg_catalog,pg_seclabel,2,0,252,0,0,0,0,0,0,0,0,0,2,250,0,0,0,0
1430778499.46126,public,history,1,120000,,,398265,0,0,0,398191,0,13559,299351,,,,,,
1430778499.46126,pg_catalog,pg_ts_config_map,2,608,0,0,0,0,0,0,304,0,4,2,0,0,,,,
1430778499.46126,information_schema,sql_sizing,1,23,,,0,0,0,0,23,0,2,0,,,0,0,0,0
1430778499.46126,pg_toast,pg_toast_12339,0,0,0,0,0,0,0,0,0,0,0,0,0,0,,,,
1430778499.46126,information_schema,sql_packages,1,10,,,0,0,0,0,10,0,2,0,,,0,0,0,0
1430778499.46126,pg_toast,pg_toast_2606,0,0,0,0,0,0,0,0,0,0,0,0,0,0,,,,
1430778499.46126,pg_catalog,pg_pltemplate,48,384,0,0,0,0,0,0,8,0,48,24,0,0,,,,
1430778499.46126,pg_catalog,pg_auth_members,72,0,0,0,0,0,0,0,0,0,0,0,0,0,,,,
1430778499.46126,pg_catalog,pg_depend,3,20120,2731,2507,348,0,256,0,6672,256,103,3172,39,6884,,,,
1430778499.46126,pg_toast,pg_toast_2604,0,0,0,0,0,0,0,0,0,0,0,0,0,0,,,,
1430778499.46126,pg_catalog,pg_shseclabel,48,0,24,0,0,0,0,0,0,0,0,0,24,0,,,,
1430778499.46126,information_schema,sql_features,1,672,,,0,0,0,0,672,0,14,0,,,0,0,0,0
1430778499.46126,pg_toast,pg_toast_12319,0,0,0,0,0,0,0,0,0,0,0,0,0,0,,,,
1430778499.46126,pg_catalog,pg_description,2,7372,252,0,0,0,0,0,3686,0,64,32,6,501,0,0,0,0
1430778499.46126,pg_catalog,pg_namespace,23,138,1543,1386,0,0,0,0,6,0,3,1407,12,1730,,,,
1430778499.46126,information_schema,sql_sizing_profiles,1,0,,,0,0,0,0,0,0,0,0,,,0,0,0,0
1430778499.46126,pg_catalog,pg_foreign_server,3,0,0,0,0,0,0,0,0,0,0,0,0,0,,,,
1430778559.48502,pg_catalog,pg_operator,3,2295,1736,10326,0,0,0,0,765,0,42,7253,20,3727,,,,
1430778559.48502,pg_catalog,pg_extension,3,3,0,0,0,0,0,0,1,0,2,2,0,0,,,,
1430778559.48502,pg_catalog,pg_authid,689,689,14786,14786,0,0,0,0,1,0,206,15293,690,28882,,,,
1430778559.48502,pg_catalog,pg_statistic,2,798,29962,29723,92,1160,0,636,491,46,111,32593,13,61417,76,12689,4,8127
1430778559.48502,pg_catalog,pg_opfamily,3,258,0,0,0,0,0,0,86,0,4,4,0,0,,,,
1430778559.48502,public,customer,6,720000,1489338,3657716,120000,610508,0,563585,119985,12474,79939,4827803,1878,4786256,,,,
1430778559.48502,pg_catalog,pg_shdescription,52,153,24,0,0,0,0,0,3,0,49,27,49,0,0,0,0,0
1430778559.48502,pg_catalog,pg_event_trigger,3,0,27,0,0,0,0,0,0,0,0,0,2,25,,,,
1430778559.48502,pg_catalog,pg_user_mapping,3,0,0,0,0,0,0,0,0,0,0,0,0,0,,,,
1430778559.48502,public,order_line,4,4552236,652024,8088042,4590764,3073479,0,1793542,4544223,869904,182381,13482043,32917,16301768,,,,
1430778559.48502,pg_catalog,pg_inherits,3,0,84,0,0,0,0,0,0,0,0,0,2,82,,,,
1430778559.48502,pg_toast,pg_toast_3596,0,0,0,0,0,0,0,0,0,0,0,0,0,0,,,,
1430778559.48502,pg_catalog,pg_rewrite,3,327,72,72,0,0,0,0,109,0,27,89,4,120,51,103,8,282
1430778559.48502,public,district,92097,3460480,1300136,1300136,40,643061,0,638391,40,472,267,15222543,5,2646450,,,,
1430778559.48502,pg_catalog,pg_foreign_data_wrapper,3,0,0,0,0,0,0,0,0,0,0,0,0,0,,,,
1430778559.48502,pg_catalog,pg_largeobject_metadata,2,0,0,0,0,0,0,0,0,0,0,0,0,0,,,,
1430778559.48502,pg_catalog,pg_opclass,19,400,1282,16758,0,0,0,0,128,0,9,6181,12,1543,,,,
1430778559.48502,pg_catalog,pg_attrdef,3,0,0,0,0,0,0,0,0,0,0,0,0,0,0,0,0,0
1430778559.48502,pg_catalog,pg_default_acl,3,0,59,0,0,0,0,0,0,0,0,0,2,57,,,,
1430778559.48502,pg_catalog,pg_aggregate,2,266,92,92,0,0,0,0,133,0,5,93,4,140,,,,
1430778559.48502,pg_toast,pg_toast_12329,0,0,0,0,0,0,0,0,0,0,0,0,0,0,,,,
1430778559.48502,pg_catalog,pg_ts_dict,3,48,0,0,0,0,0,0,16,0,2,2,0,0,,,,
1430778559.48502,pg_catalog,pg_index,112,6658,6650,7943,27,0,17,0,123,17,13,6953,12,7029,,,,
1430778559.48502,public,new_order,4,144000,593200,564644,365153,0,266470,0,95376,19553,1289,4096371,1166,3766657,,,,
1430778559.48502,pg_catalog,pg_tablespace,147,294,5622,5622,0,0,0,0,2,0,162,5631,310,11000,,,,
1430778559.48502,pg_toast,pg_toast_2619,0,0,7409,22885,574,0,513,0,70,56,76,12689,4,8127,,,,
1430778559.48502,pg_catalog,pg_constraint,5,50,8,0,8,0,0,0,10,0,6,33,8,64,0,0,0,0
1430778559.48502,pg_toast,pg_toast_2618,0,0,112,353,0,0,0,0,0,0,51,103,4,141,,,,
1430778559.48502,pg_catalog,pg_cast,3,594,8908,1981,0,0,0,0,198,0,6,1983,6,9031,,,,
1430778559.48502,pg_catalog,pg_ts_config,3,48,0,0,0,0,0,0,16,0,2,2,0,0,,,,
1430778559.48502,pg_catalog,pg_ts_parser,3,3,0,0,0,0,0,0,1,0,2,2,0,0,,,,
1430778559.48502,pg_toast,pg_toast_2620,0,0,0,0,0,0,0,0,0,0,0,0,0,0,,,,
1430778559.48502,pg_toast,pg_toast_2396,0,0,0,0,0,0,0,0,0,0,0,0,0,0,,,,
1430778559.48502,pg_catalog,pg_largeobject,2,0,0,0,0,0,0,0,0,0,0,0,0,0,,,,
1430778559.48502,public,warehouse,63094,190080,909453,909453,4,313908,0,307020,4,1210,174,11045487,2,916751,,,,
1430778559.48502,pg_catalog,pg_enum,4,0,0,0,0,0,0,0,0,0,0,0,0,0,,,,
1430778559.48502,pg_catalog,pg_foreign_table,2,0,0,0,0,0,0,0,0,0,0,0,0,0,,,,
1430778559.48502,pg_catalog,pg_collation,3,1806,0,0,0,0,0,0,602,0,38,38,0,0,,,,
1430778559.48502,public,orders,6,720000,622802,785434,449153,296600,0,225344,445979,13275,6085,1640069,5273,4293991,,,,
1430778559.48502,pg_catalog,pg_am,190,202,0,0,0,0,0,0,5,0,3,188,0,0,,,,
1430778559.48502,pg_catalog,pg_proc,3,8073,2729,3675,6,0,0,0,2691,0,168,3284,38,5758,0,0,0,0
1430778559.48502,pg_catalog,pg_shdepend,72,72,8162,2041,0,0,0,0,1,0,49,2088,196,8496,,,,
1430778559.48502,pg_catalog,pg_language,4,16,10,10,0,0,0,0,4,0,2,13,4,18,,,,
1430778559.48502,pg_catalog,pg_range,2,12,2,0,0,0,0,0,6,0,2,1,2,2,,,,
1430778559.48502,pg_catalog,pg_attribute,92,8369,17052,82223,1401,20,1219,1,2491,0,194,27287,59,40082,,,,
1430778559.48502,public,stock,4,1600000,8548668,6979476,400000,3452705,0,0,399251,185626,126782,12422490,3029,36133728,,,,
1430778559.48502,pg_catalog,pg_database,2659,10228,80134,80084,25,0,24,0,4,0,121,82743,882,97660,,,,
1430778559.48502,pg_catalog,pg_conversion,4,528,0,0,0,0,0,0,132,0,6,9,0,0,,,,
1430778559.48502,pg_catalog,pg_type,3,1099,4096,3737,173,0,151,0,361,0,34,4138,25,8909,,,,
1430778559.48502,pg_catalog,pg_trigger,4,0,0,0,0,0,0,0,0,0,0,0,0,0,0,0,0,0
1430778559.48502,information_schema,sql_implementation_info,1,12,,,0,0,0,0,12,0,2,0,,,0,0,0,0
1430778559.48502,information_schema,sql_languages,1,4,,,0,0,0,0,4,0,2,0,,,0,0,0,0
1430778559.48502,pg_toast,pg_toast_12309,0,0,0,0,0,0,0,0,0,0,0,0,0,0,,,,
1430778559.48502,pg_toast,pg_toast_12334,0,0,0,0,0,0,0,0,0,0,0,0,0,0,,,,
1430778559.48502,public,item,4,400000,3455953,3452705,100000,0,0,0,100000,0,3845,3460507,276,6928016,,,,
1430778559.48502,pg_catalog,pg_amop,4,1744,1563,1981,0,0,0,0,436,0,12,1989,23,3349,,,,
1430778559.48502,pg_toast,pg_toast_1255,0,0,0,0,0,0,0,0,0,0,0,0,0,0,,,,
1430778559.48502,pg_toast,pg_toast_12314,0,0,0,0,0,0,0,0,0,0,0,0,0,0,,,,
1430778559.48502,pg_toast,pg_toast_12324,0,0,0,0,0,0,0,0,0,0,0,0,0,0,,,,
1430778559.48502,pg_catalog,pg_amproc,19,1064,931,1353,0,0,0,0,344,0,9,940,9,2029,,,,
1430778559.48502,pg_toast,pg_toast_2964,0,0,0,0,0,0,0,0,0,0,0,0,0,0,,,,
1430778559.48502,pg_catalog,pg_ts_template,3,15,0,0,0,0,0,0,5,0,2,2,0,0,,,,
1430778559.48502,pg_catalog,pg_db_role_setting,72,0,36760,0,0,0,0,0,0,0,0,0,210,36550,0,0,0,0
1430778559.48502,pg_toast,pg_toast_2609,0,0,0,0,0,0,0,0,0,0,0,0,0,0,,,,
1430778559.48502,information_schema,sql_parts,1,9,,,0,0,0,0,9,0,2,0,,,0,0,0,0
1430778559.48502,pg_catalog,pg_class,249,31535,24801,23203,122,324,101,67,316,0,34,26608,34,35021,,,,
1430778559.48502,pg_catalog,pg_seclabel,2,0,252,0,0,0,0,0,0,0,0,0,2,250,0,0,0,0
1430778559.48502,public,history,1,120000,,,433908,0,0,0,433810,0,15269,339293,,,,,,
1430778559.48502,pg_catalog,pg_ts_config_map,2,608,0,0,0,0,0,0,304,0,4,2,0,0,,,,
1430778559.48502,information_schema,sql_sizing,1,23,,,0,0,0,0,23,0,2,0,,,0,0,0,0
1430778559.48502,pg_toast,pg_toast_12339,0,0,0,0,0,0,0,0,0,0,0,0,0,0,,,,
1430778559.48502,information_schema,sql_packages,1,10,,,0,0,0,0,10,0,2,0,,,0,0,0,0
1430778559.48502,pg_toast,pg_toast_2606,0,0,0,0,0,0,0,0,0,0,0,0,0,0,,,,
1430778559.48502,pg_catalog,pg_pltemplate,48,384,0,0,0,0,0,0,8,0,48,24,0,0,,,,
1430778559.48502,pg_catalog,pg_auth_members,72,0,0,0,0,0,0,0,0,0,0,0,0,0,,,,
1430778559.48502,pg_catalog,pg_depend,3,20120,2731,2507,348,0,256,0,6672,256,103,3172,39,6884,,,,
1430778559.48502,pg_toast,pg_toast_2604,0,0,0,0,0,0,0,0,0,0,0,0,0,0,,,,
1430778559.48502,pg_catalog,pg_shseclabel,48,0,24,0,0,0,0,0,0,0,0,0,24,0,,,,
1430778559.48502,information_schema,sql_features,1,672,,,0,0,0,0,672,0,14,0,,,0,0,0,0
1430778559.48502,pg_toast,pg_toast_12319,0,0,0,0,0,0,0,0,0,0,0,0,0,0,,,,
1430778559.48502,pg_catalog,pg_description,2,7372,252,0,0,0,0,0,3686,0,64,32,6,501,0,0,0,0
1430778559.48502,pg_catalog,pg_namespace,25,150,1684,1522,0,0,0,0,6,0,3,1545,12,1879,,,,
1430778559.48502,information_schema,sql_sizing_profiles,1,0,,,0,0,0,0,0,0,0,0,,,0,0,0,0
1430778559.48502,pg_catalog,pg_foreign_server,3,0,0,0,0,0,0,0,0,0,0,0,0,0,,,,
1430778619.63504,pg_catalog,pg_operator,3,2295,1755,10345,0,0,0,0,765,0,42,7272,20,3775,,,,
1430778619.63504,pg_catalog,pg_extension,3,3,0,0,0,0,0,0,1,0,2,2,0,0,,,,
1430778619.63504,pg_catalog,pg_authid,690,690,14796,14796,0,0,0,0,1,0,206,15304,690,28902,,,,
1430778619.63504,pg_catalog,pg_statistic,2,798,31670,31425,92,1160,0,636,491,32,111,34295,13,64839,76,13169,4,8404
1430778619.63504,pg_catalog,pg_opfamily,3,258,0,0,0,0,0,0,86,0,4,4,0,0,,,,
1430778619.63504,public,customer,6,720000,1642633,4042151,120000,673244,0,624373,119997,14433,79939,5305943,1879,5261257,,,,
1430778619.63504,pg_catalog,pg_shdescription,52,153,24,0,0,0,0,0,3,0,49,27,49,0,0,0,0,0
1430778619.63504,pg_catalog,pg_event_trigger,3,0,27,0,0,0,0,0,0,0,0,0,2,25,,,,
1430778619.63504,pg_catalog,pg_user_mapping,3,0,0,0,0,0,0,0,0,0,0,0,0,0,,,,
1430778619.63504,public,order_line,4,4552236,718696,8916892,4946570,3392186,0,2016425,4889690,91915,186001,14707155,35543,17868723,,,,
1430778619.63504,pg_catalog,pg_inherits,3,0,84,0,0,0,0,0,0,0,0,0,2,82,,,,
1430778619.63504,pg_toast,pg_toast_3596,0,0,0,0,0,0,0,0,0,0,0,0,0,0,,,,
1430778619.63504,pg_catalog,pg_rewrite,3,327,80,80,0,0,0,0,109,0,27,97,4,134,51,110,8,298
1430778619.63504,public,district,92097,3460480,1442219,1442219,40,709389,0,704469,40,583,267,15672584,5,2937861,,,,
1430778619.63504,pg_catalog,pg_foreign_data_wrapper,3,0,0,0,0,0,0,0,0,0,0,0,0,0,,,,
1430778619.63504,pg_catalog,pg_largeobject_metadata,2,0,0,0,0,0,0,0,0,0,0,0,0,0,,,,
1430778619.63504,pg_catalog,pg_opclass,19,400,1305,17029,0,0,0,0,128,0,9,6284,12,1578,,,,
1430778619.63504,pg_catalog,pg_attrdef,3,0,0,0,0,0,0,0,0,0,0,0,0,0,0,0,0,0
1430778619.63504,pg_catalog,pg_default_acl,3,0,59,0,0,0,0,0,0,0,0,0,2,57,,,,
1430778619.63504,pg_catalog,pg_aggregate,2,266,93,93,0,0,0,0,133,0,5,94,4,142,,,,
1430778619.63504,pg_toast,pg_toast_12329,0,0,0,0,0,0,0,0,0,0,0,0,0,0,,,,
1430778619.63504,pg_catalog,pg_ts_dict,3,48,0,0,0,0,0,0,16,0,2,2,0,0,,,,
1430778619.63504,pg_catalog,pg_index,117,7273,7026,8414,27,0,17,0,123,17,13,7344,12,7419,,,,
1430778619.63504,public,new_order,4,144000,653840,622150,399065,0,293640,0,101867,16763,1329,4434773,1204,4165916,,,,
1430778619.63504,pg_catalog,pg_tablespace,147,294,5627,5627,0,0,0,0,2,0,162,5636,310,11010,,,,
1430778619.63504,pg_toast,pg_toast_2619,0,0,7649,24125,574,0,513,0,70,56,76,13169,4,8404,,,,
1430778619.63504,pg_catalog,pg_constraint,5,50,8,0,8,0,0,0,10,0,6,33,8,64,0,0,0,0
1430778619.63504,pg_toast,pg_toast_2618,0,0,117,369,0,0,0,0,0,0,51,110,4,149,,,,
1430778619.63504,pg_catalog,pg_cast,3,594,9006,2015,0,0,0,0,198,0,6,2017,6,9135,,,,
1430778619.63504,pg_catalog,pg_ts_config,3,48,0,0,0,0,0,0,16,0,2,2,0,0,,,,
1430778619.63504,pg_catalog,pg_ts_parser,3,3,0,0,0,0,0,0,1,0,2,2,0,0,,,,
1430778619.63504,pg_toast,pg_toast_2620,0,0,0,0,0,0,0,0,0,0,0,0,0,0,,,,
1430778619.63504,pg_toast,pg_toast_2396,0,0,0,0,0,0,0,0,0,0,0,0,0,0,,,,
1430778619.63504,pg_catalog,pg_largeobject,2,0,0,0,0,0,0,0,0,0,0,0,0,0,,,,
1430778619.63504,public,warehouse,63094,190080,1008197,1008197,4,346324,0,338736,4,608,174,11855318,2,1016235,,,,
1430778619.63504,pg_catalog,pg_enum,4,0,0,0,0,0,0,0,0,0,0,0,0,0,,,,
1430778619.63504,pg_catalog,pg_foreign_table,2,0,0,0,0,0,0,0,0,0,0,0,0,0,,,,
1430778619.63504,pg_catalog,pg_collation,3,1806,0,0,0,0,0,0,602,0,38,38,0,0,,,,
1430778619.63504,public,orders,6,720000,686469,883590,483065,326920,0,249305,479596,20023,6408,1818629,5753,4728787,,,,
1430778619.63504,pg_catalog,pg_am,198,210,0,0,0,0,0,0,5,0,3,196,0,0,,,,
1430778619.63504,pg_catalog,pg_proc,3,8073,2813,3801,6,0,0,0,2691,0,168,3386,38,5938,0,0,0,0
1430778619.63504,pg_catalog,pg_shdepend,72,72,8162,2041,0,0,0,0,1,0,49,2088,196,8496,,,,
1430778619.63504,pg_catalog,pg_language,4,16,10,10,0,0,0,0,4,0,2,13,4,18,,,,
1430778619.63504,pg_catalog,pg_range,2,12,2,0,0,0,0,0,6,0,2,1,2,2,,,,
1430778619.63504,pg_catalog,pg_attribute,92,8369,17913,86371,1401,20,1219,1,2491,0,194,28471,59,41814,,,,
1430778619.63504,public,stock,4,1600000,9420959,7698237,400000,3808511,0,0,399251,541432,126782,13560062,3044,39828900,,,,
1430778619.63504,pg_catalog,pg_database,2661,10236,80197,80147,25,0,24,0,4,0,121,82808,882,97735,,,,
1430778619.63504,pg_catalog,pg_conversion,4,528,0,0,0,0,0,0,132,0,6,9,0,0,,,,
1430778619.63504,pg_catalog,pg_type,3,1099,4208,3849,173,0,151,0,361,0,34,4250,25,9139,,,,
1430778619.63504,pg_catalog,pg_trigger,4,0,0,0,0,0,0,0,0,0,0,0,0,0,0,0,0,0
1430778619.63504,information_schema,sql_implementation_info,1,12,,,0,0,0,0,12,0,2,0,,,0,0,0,0
1430778619.63504,information_schema,sql_languages,1,4,,,0,0,0,0,4,0,2,0,,,0,0,0,0
1430778619.63504,pg_toast,pg_toast_12309,0,0,0,0,0,0,0,0,0,0,0,0,0,0,,,,
1430778619.63504,pg_toast,pg_toast_12334,0,0,0,0,0,0,0,0,0,0,0,0,0,0,,,,
1430778619.63504,public,item,4,400000,3812070,3808511,100000,0,0,0,100000,0,3845,3816313,276,7641902,,,,
1430778619.63504,pg_catalog,pg_amop,4,1744,1606,2034,0,0,0,0,436,0,12,2042,23,3445,,,,
1430778619.63504,pg_toast,pg_toast_1255,0,0,0,0,0,0,0,0,0,0,0,0,0,0,,,,
1430778619.63504,pg_toast,pg_toast_12314,0,0,0,0,0,0,0,0,0,0,0,0,0,0,,,,
1430778619.63504,pg_toast,pg_toast_12324,0,0,0,0,0,0,0,0,0,0,0,0,0,0,,,,
1430778619.63504,pg_catalog,pg_amproc,19,1064,952,1385,0,0,0,0,344,0,9,961,9,2079,,,,
1430778619.63504,pg_toast,pg_toast_2964,0,0,0,0,0,0,0,0,0,0,0,0,0,0,,,,
1430778619.63504,pg_catalog,pg_ts_template,3,15,0,0,0,0,0,0,5,0,2,2,0,0,,,,
1430778619.63504,pg_catalog,pg_db_role_setting,72,0,36784,0,0,0,0,0,0,0,0,0,210,36574,0,0,0,0
1430778619.63504,pg_toast,pg_toast_2609,0,0,0,0,0,0,0,0,0,0,0,0,0,0,,,,
1430778619.63504,information_schema,sql_parts,1,9,,,0,0,0,0,9,0,2,0,,,0,0,0,0
1430778619.63504,pg_catalog,pg_class,256,33747,26357,24636,122,324,101,67,316,0,34,28098,34,36902,,,,
1430778619.63504,pg_catalog,pg_seclabel,2,0,252,0,0,0,0,0,0,0,0,0,2,250,0,0,0,0
1430778619.63504,public,history,1,120000,,,466324,0,0,0,466226,0,15627,372425,,,,,,
1430778619.63504,pg_catalog,pg_ts_config_map,2,608,0,0,0,0,0,0,304,0,4,2,0,0,,,,
1430778619.63504,information_schema,sql_sizing,1,23,,,0,0,0,0,23,0,2,0,,,0,0,0,0
1430778619.63504,pg_toast,pg_toast_12339,0,0,0,0,0,0,0,0,0,0,0,0,0,0,,,,
1430778619.63504,information_schema,sql_packages,1,10,,,0,0,0,0,10,0,2,0,,,0,0,0,0
1430778619.63504,pg_toast,pg_toast_2606,0,0,0,0,0,0,0,0,0,0,0,0,0,0,,,,
1430778619.63504,pg_catalog,pg_pltemplate,48,384,0,0,0,0,0,0,8,0,48,24,0,0,,,,
1430778619.63504,pg_catalog,pg_auth_members,72,0,0,0,0,0,0,0,0,0,0,0,0,0,,,,
1430778619.63504,pg_catalog,pg_depend,3,20120,2731,2507,348,0,256,0,6672,256,103,3172,39,6884,,,,
1430778619.63504,pg_toast,pg_toast_2604,0,0,0,0,0,0,0,0,0,0,0,0,0,0,,,,
1430778619.63504,pg_catalog,pg_shseclabel,48,0,24,0,0,0,0,0,0,0,0,0,24,0,,,,
1430778619.63504,information_schema,sql_features,1,672,,,0,0,0,0,672,0,14,0,,,0,0,0,0
1430778619.63504,pg_toast,pg_toast_12319,0,0,0,0,0,0,0,0,0,0,0,0,0,0,,,,
1430778619.63504,pg_catalog,pg_description,2,7372,252,0,0,0,0,0,3686,0,64,32,6,501,0,0,0,0
1430778619.63504,pg_catalog,pg_namespace,27,162,1825,1657,0,0,0,0,6,0,3,1682,12,2028,,,,
1430778619.63504,information_schema,sql_sizing_profiles,1,0,,,0,0,0,0,0,0,0,0,,,0,0,0,0
1430778619.63504,pg_catalog,pg_foreign_server,3,0,0,0,0,0,0,0,0,0,0,0,0,0,,,,
1430778679.55729,pg_catalog,pg_operator,3,2295,1778,10368,0,0,0,0,765,0,43,7294,26,3824,,,,
1430778679.55729,pg_catalog,pg_extension,3,3,0,0,0,0,0,0,1,0,2,2,0,0,,,,
1430778679.55729,pg_catalog,pg_authid,691,691,14807,14807,0,0,0,0,1,0,206,15316,690,28924,,,,
1430778679.55729,pg_catalog,pg_statistic,2,798,31737,31486,92,1202,0,676,491,62,112,34410,16,64980,76,13291,4,8454
1430778679.55729,pg_catalog,pg_opfamily,3,258,0,0,0,0,0,0,86,0,4,4,0,0,,,,
1430778679.55729,public,customer,6,720000,1649011,4058429,120000,675859,0,626907,119997,14450,79939,5337338,1879,5281016,,,,
1430778679.55729,pg_catalog,pg_shdescription,52,153,24,0,0,0,0,0,3,0,49,27,49,0,0,0,0,0
1430778679.55729,pg_catalog,pg_event_trigger,3,0,27,0,0,0,0,0,0,0,0,0,2,25,,,,
1430778679.55729,pg_catalog,pg_user_mapping,3,0,0,0,0,0,0,0,0,0,0,0,0,0,,,,
1430778679.55729,public,order_line,4,4552236,721476,8950749,4961431,3405255,0,2025875,4904442,97673,188439,14917796,36015,17965672,,,,
1430778679.55729,pg_catalog,pg_inherits,3,0,84,0,0,0,0,0,0,0,0,0,2,82,,,,
1430778679.55729,pg_toast,pg_toast_3596,0,0,0,0,0,0,0,0,0,0,0,0,0,0,,,,
1430778679.55729,pg_catalog,pg_rewrite,3,327,87,87,0,0,0,0,109,0,28,103,6,144,51,117,8,314
1430778679.55729,public,district,92097,3460480,1448109,1448109,40,712154,0,707234,40,644,267,15704772,5,2949927,,,,
1430778679.55729,pg_catalog,pg_foreign_data_wrapper,3,0,0,0,0,0,0,0,0,0,0,0,0,0,,,,
1430778679.55729,pg_catalog,pg_largeobject_metadata,2,0,0,0,0,0,0,0,0,0,0,0,0,0,,,,
1430778679.55729,pg_catalog,pg_opclass,23,404,1343,17492,0,0,0,0,128,0,12,6447,16,1620,,,,
1430778679.55729,pg_catalog,pg_attrdef,3,0,0,0,0,0,0,0,0,0,0,0,0,0,0,0,0,0
1430778679.55729,pg_catalog,pg_default_acl,3,0,59,0,0,0,0,0,0,0,0,0,2,57,,,,
1430778679.55729,pg_catalog,pg_aggregate,2,266,94,94,0,0,0,0,133,0,5,95,4,144,,,,
1430778679.55729,pg_toast,pg_toast_12329,0,0,0,0,0,0,0,0,0,0,0,0,0,0,,,,
1430778679.55729,pg_catalog,pg_ts_dict,3,48,0,0,0,0,0,0,16,0,2,2,0,0,,,,
1430778679.55729,pg_catalog,pg_index,136,7902,7193,8596,27,0,17,0,123,17,16,7545,14,7594,,,,
1430778679.55729,public,new_order,4,144000,656360,624538,400475,0,294770,0,102135,17905,1329,4448477,1204,4186059,,,,
1430778679.55729,pg_catalog,pg_tablespace,147,294,5632,5632,0,0,0,0,2,0,162,5641,310,11020,,,,
1430778679.55729,pg_toast,pg_toast_2619,0,0,7667,24187,605,0,544,0,70,87,76,13291,4,8454,,,,
1430778679.55729,pg_catalog,pg_constraint,5,50,8,0,8,0,0,0,10,0,6,33,8,64,0,0,0,0
1430778679.55729,pg_toast,pg_toast_2618,0,0,122,385,0,0,0,0,0,0,51,117,4,157,,,,
1430778679.55729,pg_catalog,pg_cast,3,594,9189,2063,0,0,0,0,198,0,7,2064,8,9322,,,,
1430778679.55729,pg_catalog,pg_ts_config,3,48,0,0,0,0,0,0,16,0,2,2,0,0,,,,
1430778679.55729,pg_catalog,pg_ts_parser,3,3,0,0,0,0,0,0,1,0,2,2,0,0,,,,
1430778679.55729,pg_toast,pg_toast_2620,0,0,0,0,0,0,0,0,0,0,0,0,0,0,,,,
1430778679.55729,pg_toast,pg_toast_2396,0,0,0,0,0,0,0,0,0,0,0,0,0,0,,,,
1430778679.55729,pg_catalog,pg_largeobject,2,0,0,0,0,0,0,0,0,0,0,0,0,0,,,,
1430778679.55729,public,warehouse,63094,190080,1012317,1012317,4,347679,0,340062,4,758,174,11886013,2,1020385,,,,
1430778679.55729,pg_catalog,pg_enum,4,0,0,0,0,0,0,0,0,0,0,0,0,0,,,,
1430778679.55729,pg_catalog,pg_foreign_table,2,0,0,0,0,0,0,0,0,0,0,0,0,0,,,,
1430778679.55729,pg_catalog,pg_collation,3,1806,0,0,0,0,0,0,602,0,38,38,0,0,,,,
1430778679.55729,public,orders,6,720000,689124,887890,484475,328180,0,250399,480994,20170,6422,1830022,5773,4746256,,,,
1430778679.55729,pg_catalog,pg_am,202,214,0,0,0,0,0,0,5,0,4,199,0,0,,,,
1430778679.55729,pg_catalog,pg_proc,3,8073,2891,3914,6,0,0,0,2691,0,174,3473,48,6094,0,0,0,0
1430778679.55729,pg_catalog,pg_shdepend,72,72,8162,2041,0,0,0,0,1,0,49,2088,196,8496,,,,
1430778679.55729,pg_catalog,pg_language,4,16,10,10,0,0,0,0,4,0,2,13,4,18,,,,
1430778679.55729,pg_catalog,pg_range,2,12,2,0,0,0,0,0,6,0,2,1,2,2,,,,
1430778679.55729,pg_catalog,pg_attribute,114,8519,18334,87429,1401,20,1219,1,2491,0,216,29187,65,42658,,,,
1430778679.55729,public,stock,4,1600000,9457026,7728221,400000,3823372,0,0,399251,556293,126782,13665395,3044,39985215,,,,
1430778679.55729,pg_catalog,pg_database,2664,10248,80263,80213,25,0,24,0,4,0,121,82877,882,97815,,,,
1430778679.55729,pg_catalog,pg_conversion,4,528,0,0,0,0,0,0,132,0,6,9,0,0,,,,
1430778679.55729,pg_catalog,pg_type,3,1099,4307,3948,173,0,151,0,361,0,37,4346,28,9340,,,,
1430778679.55729,pg_catalog,pg_trigger,4,0,0,0,0,0,0,0,0,0,0,0,0,0,0,0,0,0
1430778679.55729,information_schema,sql_implementation_info,1,12,,,0,0,0,0,12,0,2,0,,,0,0,0,0
1430778679.55729,information_schema,sql_languages,1,4,,,0,0,0,0,4,0,2,0,,,0,0,0,0
1430778679.55729,pg_toast,pg_toast_12309,0,0,0,0,0,0,0,0,0,0,0,0,0,0,,,,
1430778679.55729,pg_toast,pg_toast_12334,0,0,0,0,0,0,0,0,0,0,0,0,0,0,,,,
1430778679.55729,public,item,4,400000,3826943,3823372,100000,0,0,0,100000,0,3845,3831174,276,7671722,,,,
1430778679.55729,pg_catalog,pg_amop,4,1744,1663,2100,0,0,0,0,436,0,14,2106,29,3563,,,,
1430778679.55729,pg_toast,pg_toast_1255,0,0,0,0,0,0,0,0,0,0,0,0,0,0,,,,
1430778679.55729,pg_toast,pg_toast_12314,0,0,0,0,0,0,0,0,0,0,0,0,0,0,,,,
1430778679.55729,pg_toast,pg_toast_12324,0,0,0,0,0,0,0,0,0,0,0,0,0,0,,,,
1430778679.55729,pg_catalog,pg_amproc,23,1072,986,1427,0,0,0,0,344,0,12,1001,12,2148,,,,
1430778679.55729,pg_toast,pg_toast_2964,0,0,0,0,0,0,0,0,0,0,0,0,0,0,,,,
1430778679.55729,pg_catalog,pg_ts_template,3,15,0,0,0,0,0,0,5,0,2,2,0,0,,,,
1430778679.55729,pg_catalog,pg_db_role_setting,72,0,36812,0,0,0,0,0,0,0,0,0,210,36602,0,0,0,0
1430778679.55729,pg_toast,pg_toast_2609,0,0,0,0,0,0,0,0,0,0,0,0,0,0,,,,
1430778679.55729,information_schema,sql_parts,1,9,,,0,0,0,0,9,0,2,0,,,0,0,0,0
1430778679.55729,pg_catalog,pg_class,287,36314,26871,25027,122,324,101,67,316,0,42,28687,40,37431,,,,
1430778679.55729,pg_catalog,pg_seclabel,2,0,252,0,0,0,0,0,0,0,0,0,2,250,0,0,0,0
1430778679.55729,public,history,1,120000,,,467679,0,0,0,467581,0,15642,373810,,,,,,
1430778679.55729,pg_catalog,pg_ts_config_map,2,608,0,0,0,0,0,0,304,0,4,2,0,0,,,,
1430778679.55729,information_schema,sql_sizing,1,23,,,0,0,0,0,23,0,2,0,,,0,0,0,0
1430778679.55729,pg_toast,pg_toast_12339,0,0,0,0,0,0,0,0,0,0,0,0,0,0,,,,
1430778679.55729,information_schema,sql_packages,1,10,,,0,0,0,0,10,0,2,0,,,0,0,0,0
1430778679.55729,pg_toast,pg_toast_2606,0,0,0,0,0,0,0,0,0,0,0,0,0,0,,,,
1430778679.55729,pg_catalog,pg_pltemplate,48,384,0,0,0,0,0,0,8,0,48,24,0,0,,,,
1430778679.55729,pg_catalog,pg_auth_members,72,0,0,0,0,0,0,0,0,0,0,0,0,0,,,,
1430778679.55729,pg_catalog,pg_depend,3,20120,2731,2507,348,0,256,0,6672,256,103,3172,39,6884,,,,
1430778679.55729,pg_toast,pg_toast_2604,0,0,0,0,0,0,0,0,0,0,0,0,0,0,,,,
1430778679.55729,pg_catalog,pg_shseclabel,48,0,24,0,0,0,0,0,0,0,0,0,24,0,,,,
1430778679.55729,information_schema,sql_features,1,672,,,0,0,0,0,672,0,14,0,,,0,0,0,0
1430778679.55729,pg_toast,pg_toast_12319,0,0,0,0,0,0,0,0,0,0,0,0,0,0,,,,
1430778679.55729,pg_catalog,pg_description,2,7372,252,0,0,0,0,0,3686,0,64,32,6,501,0,0,0,0
1430778679.55729,pg_catalog,pg_namespace,29,174,1964,1791,0,0,0,0,6,0,4,1817,14,2173,,,,
1430778679.55729,information_schema,sql_sizing_profiles,1,0,,,0,0,0,0,0,0,0,0,,,0,0,0,0
1430778679.55729,pg_catalog,pg_foreign_server,3,0,0,0,0,0,0,0,0,0,0,0,0,0,,,,
